/*
SQLyog Ultimate v9.02 
MySQL - 5.5.16 : Database - federacao
*********************************************************************
*/


/*!40101 SET NAMES utf8 */;

/*!40101 SET SQL_MODE=''*/;

/*!40014 SET @OLD_UNIQUE_CHECKS=@@UNIQUE_CHECKS, UNIQUE_CHECKS=0 */;
/*!40014 SET @OLD_FOREIGN_KEY_CHECKS=@@FOREIGN_KEY_CHECKS, FOREIGN_KEY_CHECKS=0 */;
/*!40101 SET @OLD_SQL_MODE=@@SQL_MODE, SQL_MODE='NO_AUTO_VALUE_ON_ZERO' */;
/*!40111 SET @OLD_SQL_NOTES=@@SQL_NOTES, SQL_NOTES=0 */;
CREATE DATABASE /*!32312 IF NOT EXISTS*/`federacao` /*!40100 DEFAULT CHARACTER SET latin1 */;

USE `federacao`;

/*Table structure for table `certificado` */

DROP TABLE IF EXISTS `certificado`;

CREATE TABLE `certificado` (
  `id_certificado` int(11) NOT NULL AUTO_INCREMENT,
  `id_evento` int(8) NOT NULL,
  `id_federado` int(11) NOT NULL,
  `data_emissao` date NOT NULL,
  `id_tipo_certificado` int(5) NOT NULL,
  PRIMARY KEY (`id_certificado`),
  KEY `FK_tipo_certificado` (`id_tipo_certificado`),
  KEY `FK_certificado_federado` (`id_federado`),
  KEY `FK_evento_graduacao` (`id_evento`),
  CONSTRAINT `FK_certificado_evento` FOREIGN KEY (`id_evento`) REFERENCES `evento_graduacao` (`id_evento`) ON UPDATE CASCADE,
  CONSTRAINT `FK_certificado_federado` FOREIGN KEY (`id_federado`) REFERENCES `federado` (`id_federado`) ON UPDATE CASCADE,
  CONSTRAINT `FK_tipo_certificado` FOREIGN KEY (`id_tipo_certificado`) REFERENCES `tipo_certificado` (`id`) ON UPDATE CASCADE
) ENGINE=InnoDB DEFAULT CHARSET=utf8;

/*Data for the table `certificado` */

/*Table structure for table `coordenador` */

DROP TABLE IF EXISTS `coordenador`;

CREATE TABLE `coordenador` (
  `id_coordenador` int(11) NOT NULL AUTO_INCREMENT,
  `id_federado` int(11) NOT NULL,
  PRIMARY KEY (`id_coordenador`),
  KEY `FK_coordenador_federado` (`id_federado`),
  CONSTRAINT `FK_coordenador_federado` FOREIGN KEY (`id_federado`) REFERENCES `federado` (`id_federado`) ON UPDATE CASCADE
) ENGINE=InnoDB AUTO_INCREMENT=2 DEFAULT CHARSET=utf8;

/*Data for the table `coordenador` */

insert  into `coordenador`(`id_coordenador`,`id_federado`) values (1,5);

/*Table structure for table `endereco` */

DROP TABLE IF EXISTS `endereco`;

CREATE TABLE `endereco` (
  `id_endereco` int(12) NOT NULL AUTO_INCREMENT,
  `logradouro` varchar(80) CHARACTER SET latin1 COLLATE latin1_spanish_ci NOT NULL,
  `numero` int(5) NOT NULL,
  `complemento` varchar(20) CHARACTER SET latin1 COLLATE latin1_spanish_ci DEFAULT NULL,
  `bairro` varchar(30) CHARACTER SET latin1 COLLATE latin1_spanish_ci NOT NULL,
  `cidade` varchar(30) CHARACTER SET latin1 COLLATE latin1_spanish_ci NOT NULL,
  `uf` int(2) NOT NULL,
  `tipo_endereco` int(3) DEFAULT NULL,
  PRIMARY KEY (`id_endereco`),
  KEY `FK_endereco_tipo_endereco` (`tipo_endereco`),
  KEY `FK_endereco_uf` (`uf`),
  CONSTRAINT `FK_endereco_tipo_endereco` FOREIGN KEY (`tipo_endereco`) REFERENCES `tipo_endereco` (`id`) ON UPDATE CASCADE,
  CONSTRAINT `FK_endereco_uf` FOREIGN KEY (`uf`) REFERENCES `estados` (`id_estados`) ON UPDATE CASCADE
) ENGINE=InnoDB AUTO_INCREMENT=26 DEFAULT CHARSET=utf8;

/*Data for the table `endereco` */

insert  into `endereco`(`id_endereco`,`logradouro`,`numero`,`complemento`,`bairro`,`cidade`,`uf`,`tipo_endereco`) values (1,'Rua do Administrador',150,'Complemento','Bela Vista','S√£o Paulo',1,1),(2,'Rua do aluno',260,NULL,'Penha','S√£o Paulo',1,1),(3,'Rua do aluno',154,NULL,'Penha','s√£o paulo',1,1),(4,'Rua do aluno',154,'asdasd','Penha','S√£o paulo',1,1),(19,'Rua dos eventos ',161,'','','S√£o Paulo',1,3),(20,'Rua dos eventos ',161,'','','S√£o Paulo',1,3),(21,'Rua dos eventos ',161,'','','S√£o Paulo',1,3),(22,'Rua dos eventos ',150,'','','S√£o Paulo',1,3),(23,'asdasd',154,'asd','asd','S√£o Paulo',1,1),(24,'asdadasd',123,'dasdasd','asdasd','asdasd',1,1),(25,'Endereco da filiaal 1',154,'1','Penha','S√£o paulo',1,1);

/*Table structure for table `escolaridade` */

DROP TABLE IF EXISTS `escolaridade`;

CREATE TABLE `escolaridade` (
  `id` int(2) NOT NULL AUTO_INCREMENT,
  `descricao` varchar(40) CHARACTER SET latin1 COLLATE latin1_spanish_ci NOT NULL,
  PRIMARY KEY (`id`)
) ENGINE=InnoDB AUTO_INCREMENT=7 DEFAULT CHARSET=utf8;

/*Data for the table `escolaridade` */

insert  into `escolaridade`(`id`,`descricao`) values (1,'Ensino Fundamental Incompleto'),(2,'Ensino Fundamental Completo'),(3,'Ensino M√©dio Incompleto'),(4,'Ensino M√©dio Completo'),(5,'Ensino Superior Incompleto'),(6,'Ensino Superior Completo');

/*Table structure for table `estados` */

DROP TABLE IF EXISTS `estados`;

CREATE TABLE `estados` (
  `id_estados` int(2) NOT NULL AUTO_INCREMENT,
  `sigla` varchar(2) CHARACTER SET latin1 COLLATE latin1_spanish_ci DEFAULT NULL,
  `nome` varchar(30) CHARACTER SET latin1 COLLATE latin1_spanish_ci DEFAULT NULL,
  PRIMARY KEY (`id_estados`)
) ENGINE=InnoDB AUTO_INCREMENT=2 DEFAULT CHARSET=utf8;

/*Data for the table `estados` */

insert  into `estados`(`id_estados`,`sigla`,`nome`) values (1,'SP','S√£o Paulo');

/*Table structure for table `evento_graduacao` */

DROP TABLE IF EXISTS `evento_graduacao`;

CREATE TABLE `evento_graduacao` (
  `id_evento` int(8) NOT NULL AUTO_INCREMENT COMMENT 'ano + modalidade + numero do evento (20130104)',
  `numero_evento` varchar(30) NOT NULL,
  `data_evento` date NOT NULL,
  `id_endereco` int(12) NOT NULL,
  `id_modalidade` int(2) NOT NULL,
  `descricao` longtext CHARACTER SET latin1 COLLATE latin1_spanish_ci,
  PRIMARY KEY (`id_evento`),
  KEY `FK_evento_graduacao_endereco` (`id_endereco`),
  KEY `FK_evento_graduacao_modalidade` (`id_modalidade`),
  CONSTRAINT `FK_evento_graduacao_endereco` FOREIGN KEY (`id_endereco`) REFERENCES `endereco` (`id_endereco`),
  CONSTRAINT `FK_evento_graduacao_modalidade` FOREIGN KEY (`id_modalidade`) REFERENCES `modalidade` (`id_modalidade`) ON UPDATE CASCADE
) ENGINE=InnoDB AUTO_INCREMENT=14 DEFAULT CHARSET=utf8;

/*Data for the table `evento_graduacao` */

insert  into `evento_graduacao`(`id_evento`,`numero_evento`,`data_evento`,`id_endereco`,`id_modalidade`,`descricao`) values (13,'04-2013','2013-04-30',22,1,'       dados    \n                ');

/*Table structure for table `faixa` */

DROP TABLE IF EXISTS `faixa`;

CREATE TABLE `faixa` (
  `id_faixa` int(11) NOT NULL AUTO_INCREMENT,
  `id_modalidade` int(11) DEFAULT NULL,
  `nome` varchar(100) CHARACTER SET latin1 DEFAULT NULL,
  PRIMARY KEY (`id_faixa`),
  KEY `fk_faixa_1` (`id_modalidade`),
  CONSTRAINT `fk_faixa_1` FOREIGN KEY (`id_modalidade`) REFERENCES `modalidade` (`id_modalidade`) ON DELETE NO ACTION ON UPDATE NO ACTION
) ENGINE=InnoDB DEFAULT CHARSET=utf8;

/*Data for the table `faixa` */

/*Table structure for table `federado` */

DROP TABLE IF EXISTS `federado`;

CREATE TABLE `federado` (
  `id_federado` int(11) NOT NULL AUTO_INCREMENT,
  `nome` varchar(60) CHARACTER SET latin1 COLLATE latin1_spanish_ci NOT NULL,
  `filiacao_materna` varchar(60) CHARACTER SET latin1 COLLATE latin1_spanish_ci DEFAULT NULL,
  `filiacao_paterna` varchar(60) CHARACTER SET latin1 COLLATE latin1_spanish_ci DEFAULT NULL,
  `sexo` varchar(1) CHARACTER SET latin1 COLLATE latin1_spanish_ci NOT NULL COMMENT 'M/F',
  `data_nasc` date NOT NULL,
  `rg` varchar(12) CHARACTER SET latin1 COLLATE latin1_spanish_ci NOT NULL,
  `telefone` varchar(13) CHARACTER SET latin1 COLLATE latin1_spanish_ci NOT NULL,
  `celular` varchar(14) CHARACTER SET latin1 COLLATE latin1_spanish_ci DEFAULT NULL,
  `email` varchar(50) CHARACTER SET latin1 COLLATE latin1_spanish_ci NOT NULL,
  `caminho_imagem` varchar(50) CHARACTER SET latin1 COLLATE latin1_spanish_ci NOT NULL DEFAULT 'sem foto',
  `id_escolaridade` int(1) NOT NULL,
  `id_status` int(1) NOT NULL DEFAULT '1',
  `id_endereco` int(12) NOT NULL,
  `id_nacionalidade` int(1) NOT NULL,
  `id_tipo_federado` int(1) NOT NULL,
  `tamanho_faixa` varchar(45) DEFAULT NULL,
  PRIMARY KEY (`id_federado`),
  KEY `FK_federado_endereco` (`id_endereco`),
  KEY `FK_federado_escolaridade` (`id_escolaridade`),
  KEY `FK_federado_nacionalidade` (`id_nacionalidade`),
  KEY `FK_federado_status_federado` (`id_status`),
  KEY `FK_federado_tipo_federado` (`id_tipo_federado`),
  CONSTRAINT `FK_federado_endereco` FOREIGN KEY (`id_endereco`) REFERENCES `endereco` (`id_endereco`) ON UPDATE CASCADE,
  CONSTRAINT `FK_federado_escolaridade` FOREIGN KEY (`id_escolaridade`) REFERENCES `escolaridade` (`id`) ON UPDATE CASCADE,
  CONSTRAINT `FK_federado_nacionalidade` FOREIGN KEY (`id_nacionalidade`) REFERENCES `nacionalidade` (`id`) ON UPDATE CASCADE,
  CONSTRAINT `FK_federado_status_federado` FOREIGN KEY (`id_status`) REFERENCES `status_federado` (`id`) ON UPDATE CASCADE,
  CONSTRAINT `FK_federado_tipo_federado` FOREIGN KEY (`id_tipo_federado`) REFERENCES `tipo_federado` (`id`) ON UPDATE CASCADE
) ENGINE=InnoDB AUTO_INCREMENT=11 DEFAULT CHARSET=utf8;

/*Data for the table `federado` */

insert  into `federado`(`id_federado`,`nome`,`filiacao_materna`,`filiacao_paterna`,`sexo`,`data_nasc`,`rg`,`telefone`,`celular`,`email`,`caminho_imagem`,`id_escolaridade`,`id_status`,`id_endereco`,`id_nacionalidade`,`id_tipo_federado`,`tamanho_faixa`) values (1,'Administrador Mestre Carlos','N√£o Declarada','N√£o declarada','M','1980-04-05','52.444.111-1','(11)1111-2222','(11)3333-4444','mail@mail.com','sem foto',6,1,1,1,4,'G'),(3,'Instrutor Roberto','N√£o declarado','N√£o declarado','M','1980-11-01','52.222.111-1','(00)0000-0000','(00)0000-0000','mail@mail.com','sem foto',6,1,2,1,2,'G'),(5,'Coordenador Valter','N√£o Declarado','N√£o Declarado','M','2000-01-01','58.222.222-1','(00)0000-0000','(00)0000-0000','mail@mail.com','sem foto',6,1,2,1,3,'G'),(6,'Aluno jo√£o paulo','n√£o declarado','n√£o declarado','M','1985-04-30','55.444.444-5','(11)2222-2222','(11)96666-6666','mail@mail.com','sem foto',4,1,3,1,1,'M'),(7,'Aluna maria de Paula','n√£o declarado','n√£o declarado','F','1999-04-09','22.222.222-2','(11)2222-2222','(11)90494-3904','mail.com@mna.com.br','sem foto',6,1,4,1,1,'M'),(8,'Maria Fernanda','n√£o declarado','n√£o declarado','M','1985-05-31','55.444.444-5','(11)1111-1111','(11)99999-9999','email.re@email.com','sem foto',4,1,23,1,1,'M'),(9,'Caetano silveira','N√£o declarado','n√£o declarado','M','1969-12-31','88.888.888-8','(22)2222-2222','(99)99999-9999','mail@mail.com','sem foto',6,1,24,1,1,'GG'),(10,'Paula Fernandes','n√£o declarado','n√£o declarado','F','1985-04-30','22.222.222-2','(11)2222-2222','(11)96666-6666','mail@mail.com','sem foto',6,1,25,1,1,'G');

/*Table structure for table `filial` */

DROP TABLE IF EXISTS `filial`;

CREATE TABLE `filial` (
  `id_filial` int(10) NOT NULL AUTO_INCREMENT,
  `nome` varchar(60) CHARACTER SET latin1 COLLATE latin1_spanish_ci NOT NULL,
  `cnpj` varchar(19) CHARACTER SET latin1 COLLATE latin1_spanish_ci NOT NULL,
  `telefone` varchar(13) CHARACTER SET latin1 COLLATE latin1_spanish_ci DEFAULT NULL,
  `fax` varchar(13) CHARACTER SET latin1 COLLATE latin1_spanish_ci DEFAULT NULL,
  `email` varchar(50) CHARACTER SET latin1 COLLATE latin1_spanish_ci NOT NULL,
  `representante` varchar(60) CHARACTER SET latin1 COLLATE latin1_spanish_ci DEFAULT NULL,
  `id_modalidade` int(2) NOT NULL,
  `id_instrutor` int(11) NOT NULL,
  `id_endereco` int(12) NOT NULL,
  PRIMARY KEY (`id_filial`),
  KEY `FK_filial_endereco` (`id_endereco`),
  KEY `FK_filial_modalidade` (`id_modalidade`),
  KEY `FK_filial_instrutor` (`id_instrutor`),
  CONSTRAINT `FK_filial_endereco` FOREIGN KEY (`id_endereco`) REFERENCES `endereco` (`id_endereco`) ON UPDATE CASCADE,
  CONSTRAINT `FK_filial_instrutor` FOREIGN KEY (`id_instrutor`) REFERENCES `instrutor` (`id_instrutor`) ON UPDATE CASCADE,
  CONSTRAINT `FK_filial_modalidade` FOREIGN KEY (`id_modalidade`) REFERENCES `modalidade` (`id_modalidade`) ON UPDATE CASCADE
) ENGINE=InnoDB AUTO_INCREMENT=2 DEFAULT CHARSET=utf8;

/*Data for the table `filial` */

insert  into `filial`(`id_filial`,`nome`,`cnpj`,`telefone`,`fax`,`email`,`representante`,`id_modalidade`,`id_instrutor`,`id_endereco`) values (0,'Administra√ß√£o','000.000.000/0000-00','(00)0000-0000',NULL,'email@email.com','Mestre Carlos Mariano',1,2,1),(1,'Default','000.000.000/0000-00','(00)0000-0000','(00)0000-0000','mail@mail.com','Mestre Carlos',1,1,1);

/*Table structure for table `fornecedor` */

DROP TABLE IF EXISTS `fornecedor`;

CREATE TABLE `fornecedor` (
  `id_fornecedor` int(3) NOT NULL AUTO_INCREMENT,
  `nome` varchar(40) CHARACTER SET latin1 COLLATE latin1_spanish_ci NOT NULL,
  `telefone` varchar(13) CHARACTER SET latin1 COLLATE latin1_spanish_ci NOT NULL,
  `email` varchar(50) CHARACTER SET latin1 COLLATE latin1_spanish_ci NOT NULL,
  PRIMARY KEY (`id_fornecedor`)
) ENGINE=InnoDB DEFAULT CHARSET=utf8;

/*Data for the table `fornecedor` */

/*Table structure for table `graduacao` */

DROP TABLE IF EXISTS `graduacao`;

CREATE TABLE `graduacao` (
  `id_graduacao` int(11) NOT NULL AUTO_INCREMENT,
  `id_modalidade` int(2) NOT NULL,
  `grau` varchar(7) CHARACTER SET latin1 COLLATE latin1_spanish_ci DEFAULT NULL,
  `ordem` int(2) DEFAULT NULL,
  `faixa` varchar(30) CHARACTER SET latin1 COLLATE latin1_spanish_ci DEFAULT NULL,
  `curriculo` blob COMMENT 'Curriculo da faixa na modalidade',
  PRIMARY KEY (`id_graduacao`),
  KEY `FK_graduacao_modalidade` (`id_modalidade`),
  CONSTRAINT `FK_graduacao_modalidade` FOREIGN KEY (`id_modalidade`) REFERENCES `modalidade` (`id_modalidade`) ON UPDATE CASCADE
) ENGINE=InnoDB AUTO_INCREMENT=15 DEFAULT CHARSET=utf8;

/*Data for the table `graduacao` */

insert  into `graduacao`(`id_graduacao`,`id_modalidade`,`grau`,`ordem`,`faixa`,`curriculo`) values (1,1,'10¬∫ GUB',1,'Faixa Branca','A faixa branca √© a primeira do taekwondo, nesta faixa o aluno ter√° sua introdu√ß√£o na modalidade ela representa a pureza e o in√≠cio do aprendizado no taekwondo, o aluno ter√° o seu primeiro contato com a arte e com seus princ√≠pios b√°sicos, tais como: disciplina, respeito, cortesia, dedica√ß√£o, perseveran√ßa e autocontrole.\r\n\r\nPara que o aluno d√™ seq√º√™ncia √† pr√≥xima etapa, al√©m de assimilar os princ√≠pios b√°sicos acima ele deve aprender todo o conte√∫do que segue abaixo e prestar o exame de gradua√ß√£o.\r\n\r\nO conte√∫do desta faixa esta dividido em 3 partes:\r\n1. POOM-SE - Movimento de faixa	\r\n2. TCHAGUI - Chutes\r\n3. IRON - Teoria\r\n\r\n1. POOM-SE\r\nNome: SAJU DIRUGUI\r\nSignificado: A palavra ‚ÄúSaju‚Ä? significa quatro dire√ß√µes e ‚ÄúDirugui‚Ä? significa soco. Portanto socando em quatro dire√ß√µes. O primeiro soco do movimento deve ser aplicado com kihap (grito).\r\nComposi√ß√£o: O Saju dirugui √© composto por um ataque de soco no tronco e uma defesa baixa todos com a base apkubi (base de um passo penetrado para frente com o joelho da frente flexionado e a perna de tr√°s esticada).\r\nDever√° ser aplicado tanto para o lado direito ‚Äúorun‚Ä? quanto para o lado esquerdo ‚Äúuen‚Ä? ou seja:\r\nORUN SAJU DIRUGUI ‚Äì Socando em quatro dire√ß√µes pelo lado direito.\r\nUEN SAJU DIRUGUI ‚Äì Socando em quatro dire√ß√µes pelo lado esquerdo.\r\nAs crian√ßas at√© 06 anos de idade poder√£o apresentar apenas o lado direito de acordo com o bom senso de avalia√ß√£o do professor. \r\n\r\n2. TCHAGUI ‚Äì Chutes\r\nS√£o cinco chutes nesta gradua√ß√£o que dever√£o ser executados da seguinte forma:\r\nPreparo: O professor dar√° o seguinte comando ‚ÄúTchagui, Jumbi‚Ä?, e o aluno dever√° recuar a perna direita com kihap (grito), aguardar a contagem do professor para chutar alternando as pernas, ou seja, na primeira contagem o chute ser√° com a perna direita e na segunda com a esquerda e assim sucessivamente.\r\nTodos os chutes dever√£o ser executados com kihap e no mesmo lugar (parado), alternando as pernas, uma vez com a direita e outra com a esquerda.\r\n\r\n1 - APTCHA OLIGUI\r\nLevantamento frontal (levantar a perna estendida o m√°ximo poss√≠vel).\r\n2 - AP TCHAGUI\r\nChute frontal (levantar o joelho flexionado e estender a ponta do p√© na altura do queixo).\r\n3 - BACAT TCHAGUI\r\nChute circular para fora (levantar a perna fazendo um circulo de dentro para fora).\r\n4 - AN TCHAGUI\r\nChute circular para dentro (levantar a perna fazendo um circulo de fora para dentro).\r\n5 - AP DOLIO TCHAGUI:\r\nChute com o peito do p√© na cintura obs. √â fundamental que gire o p√© de base e a cintura\r\n\r\n3. IRON ‚Äì Teoria\r\nA teoria como as demais partes do exame de gradua√ß√£o, tem o car√°ter reprovativo, por√©m ela n√£o ser√° aplicada pelo mestre e sim pelo professor respons√°vel.\r\nA prova poder√° ser escrita ou verbal, de acordo com o crit√©rio adotado pelo professor. A nota desta prova dever√° ser somada com a nota de comportamento, participa√ß√£o e n√≠vel de aplica√ß√£o do aluno com o conte√∫do do exame, portanto a nota final da categoria ‚ÄúIron‚Ä? ser√° a m√©dia de todas citadas, podendo ser acrescidas de mais algumas de acordo com o professor.\r\n\r\nO conte√∫do te√≥rico para esta faixa segue conforme abaixo:\r\n1. Contagem:\r\n01 - Ranna\r\n02 - Dul\r\n03 - S√™t\r\n04 - N√™t\r\n05 - Dass√¥t\r\n06 - Ioss√¥t\r\n07 - Ilg√¥p\r\n08 - Iodol\r\n09 - Arr√¥p\r\n10 - Iol\r\n11 - Iol ranna\r\n12 - Iol dul\r\n13 - Iol set\r\n14 - Iol net\r\n15 - Iol das√¥t\r\n20 - Sumur\r\n30 - S√≥run\r\n40 - Mahun\r\n50 - Shihun\r\n100 - Bek\r\n\r\n2. Cumprimentos \r\n√Ä bandeira: Tchariot, kuki √© deraio kiunhe, baro\r\nAo gr√£o-mestre: Tchariot, kwanjanim que kiunhe (7ÔÇ∞ a 9ÔÇ∞ dan)\r\nAo mestre: Tchariot, sabunim que kiunhe (4ÔÇ∞ a 6ÔÇ∞ dan)\r\nAo instrutor: Tchariot, kyosanim que kiunhe (1ÔÇ∞ a 3ÔÇ∞ dan)\r\nAo assistente: Jokyo nim que kiunh√™ (2ÔÇ∞ √† 1ÔÇ∞ Gub)\r\nAo superior: Tchariot, kiunhe.\r\n\r\n3. Juramento do taekwondo:\r\nEU PROMETO\r\n1¬∫ Observar as regras do taekwondo;\r\n2¬∫ Respeitar o instrutor e meus superiores;\r\n3¬∫ Nunca fazer mau uso do taekwondo;\r\n4¬∫ Ser campe√£o da liberdade e da justi√ßa;\r\n5¬∫ Construir um mundo mais pac√≠fico.\r\n\r\n4. Significado da palavra TAEKWONDO:\r\nA palavra taekwondo significa literalmente o caminho dos p√©s e das m√£os atrav√©s da mente. \r\n\r\n5. Esp√≠rito do taekwondo:\r\n- cortesia: Educa√ß√£o e Respeito;\r\n- integridade: Honestidade e Justi√ßa;\r\n- perseveran√ßa: Nunca desistir de seus objetivos;\r\n- dom√≠nio sobre si mesmo: Lutar contra os desejos do corpo;\r\n- esp√≠rito indom√°vel: Nunca se entregar perante o inimigo.\r\n\r\n6. Dire√ß√µes e altura:\r\nOrun ‚Äì Lado direito;\r\nUen ‚Äì Lado esquerdo;\r\nAre ‚Äì Parte baixa;\r\nMomtong ‚Äì Altura tronco;\r\nOlgul ‚Äì Altura rosto;\r\nSaju ‚Äì Quatro dire√ß√µes;\r\nAp ‚Äì Frente;\r\nDolio ‚Äì Virando lateral;\r\nIop ‚Äì Lado;\r\nBacat ‚Äì Fora;\r\nAn ‚Äì Dentro;\r\nPitr√¥ ‚Äì Diagonal para fora;\r\nTui ‚Äì Atr√°s.\r\n\r\n7. Vocabul√°rio usado em aulas: \r\nTchariot ‚Äì Sentido;\r\nKiunh√™ ‚Äì Cumprimentar;\r\nJumbi ‚Äì Preparar;\r\nShijak ‚Äì Come√ßar;\r\nGuman ‚Äì Terminar;\r\nBaro ‚Äì Voltar;\r\nAndja ‚Äì Sentar;\r\nIross√≥ ‚Äì Levantar;\r\nRethio ‚Äì Abrir debandar;\r\nSchi√¥ ‚Äì Descansar, ficar √† vontade;\r\nBal bacu√≥ ‚Äì Trocar de perna;\r\nDuir√≥ dora ‚Äì Virar meia volta;\r\nJua u hyang √∫ ‚Äì Ficar frente a frente, ou de frente para o instrutor;\r\nU hyang √∫ ‚Äì Virar para direita;\r\nDojan ‚Äì Academia, sala de treino;\r\nDobok ‚Äì Uniforme;\r\nTi ‚Äì Faixa;\r\nI√© ‚Äì sim;\r\nGamsa-ram-nida ‚Äì Obrigado '),(2,1,'8¬∫ GUB',2,'Faixa Amarela','A faixa amarela √© a segunda do taekwondo, para que o aluno d√™ seq√º√™ncia √† pr√≥xima etapa, al√©m de assimilar os conte√∫dos desta faixa para prestar o exame de gradua√ß√£o, dever√° saber o conte√∫do da faixa anterior. \r\n\r\nEsta e a pr√≥xima faixa representam o in√≠cio da adapta√ß√£o do aluno no taekwondo, √© simbolizado pela terra, onde a planta brota e finca sua raiz, √© o come√ßo de seu desenvolvimento t√©cnico e t√°tico, assim como de uma gama de princ√≠pios que ir√£o ser adquiridos. \r\n\r\nOs conte√∫dos desta faixa est√£o divididos em 6 partes: \r\n\r\n1. POOM-SE ‚Äì Movimento de faixa	\r\n2. TCHAGUI ‚Äì Chutes\r\n3. MATCHO KYORUGUI ‚Äì Luta combinada\r\n4. JAIU KYORUGUI ‚Äì Combate\r\n5. YUYON SUNG ‚Äì Flexibilidade\r\n6. IRON ‚Äì Teoria\r\n\r\n1. POOM-SE\r\nNome: TEGUK IL JANG\r\nSignificado: O Teguk il jang representa o s√≠mbolo do \"keon\", um dos 8 Kwaes (sinais divinos), que significa o \"positivo e o negativo\". Como o \"keon\" simboliza o come√ßo da cria√ß√£o de todas as coisas no universo. A palavra ‚Äúil‚Ä? significa 1¬∫ (primeiro), portanto a primeira parte de todos os movimentos. \r\n\r\nComposi√ß√£o: Esse poom-se consiste nos movimentos b√°sicos, como are-maki (defesa baixa), montong maki (defesa no meio), olgul maki (defesa alta), montong dirgui (soco no tronco), e ap tchagui (chute frontal). Os 20 movimentos devem ser executados em 18 contagens. \r\n\r\nTempo: O tempo de dura√ß√£o deste poom-se dever√° ser de 25 segundos. \r\n\r\nAs crian√ßas poder√£o apresentar este poom-se com contagem no dia do exame, de acordo com o bom senso do professor. \r\n\r\n2. TCHAGUI ‚Äì Chutes\r\nS√£o cinco chutes nesta gradua√ß√£o que dever√£o ser executados da seguinte forma: \r\nPreparo: O professor dar√° o seguinte comando ‚ÄúTchagui, Jumbi‚Ä?, e o aluno dever√° recuar a perna direita com kihap (grito), aguardar a contagem do professor para chutar alternando as pernas, ou seja, na primeira contagem o chute ser√° com a perna direita e na segunda com a esquerda e assim sucessivamente. \r\nTodos os chutes dever√£o ser executados com kihap e no mesmo lugar (parado). \r\n\r\n1 - MIR√î TCHAGUI\r\nChute empurrando (levantar o joelho flexionado e empurrar o alvo com a sola ou com a ponta do p√©). \r\n\r\n2 - TIG√î TCHAGUI\r\nChute pisando (levantar o joelho flexionado e estender a perna aplicando uma pisada na altura do rosto). \r\n\r\n3 - DOLIO TCHAGUI\r\nChute diagonal na altura do rosto (levantar o joelho flexionado gire o p√© de base e a cintura, estenda a perna acertando com peito do p√© na altura do rosto). \r\n\r\n4 - IOP TCHAGUI\r\nChute de lado (levantar o joelho flexionado e girando o p√© de base e a cintura, simultaneamente, estenda a perna acertando com a ‚Äúfaca‚Ä? do p√© no alvo). \r\n\r\n5 - TUIT TCHAGUI\r\nChute por tr√°s (girar o corpo por tr√°s e chutar ‚Äúcomo um coice‚Ä? a perna que soltar√° o golpe dever√° passar rente ao outro joelho). \r\n\r\n3. MATCHO KYORUGUI ‚Äì Luta combinada\r\nMatcho kyorugui √© uma luta combinada que ser√° executada de maneira pr√©-arranjada utilizando as habilidades b√°sicas do Taekwondo e t√©cnicas adaptadas do poom-se. Matcho kyorugui ajuda o praticante a aumentar seu foco mental, controle de dist√¢ncia, senso de objetivo, tempo de rea√ß√£o e exatid√£o. \r\nNesta gradua√ß√£o o matcho kyorugui exigido ser√° Il-bo derion (luta combinada de um passo). \r\nO aluno dever√° desenvolver t√©cnicas utilizando apenas socos (t√©cnica de m√£o fechada). \r\n\r\n4. JAIU KYORUGUI ‚Äì Combate\r\nJaiu kyorugui √© um combate livre que requer rigor absoluto em utilizar as regras de seguran√ßa e os golpes assimilados at√© o momento. \r\nOs fatores mais importantes no Jaiu kyorugui s√£o agilidade, poder, condicionamento, julgamento, coragem, estrat√©gias t√°ticas e t√©cnicas. \r\nNo exame de gradua√ß√£o o Jaiu Kyorugui deve ser semicontato (sombra). \r\nCombate de 30 segundos a 01 minuto. \r\n\r\n5. YUYON SUNG ‚Äì Flexibilidade\r\n\r\n6. IRON ‚Äì Teoria\r\n\r\n1. Aplica√ß√£o (finaliza√ß√£o): \r\nDirgui ‚Äì Soco; \r\nTchigui ‚Äì Bater; \r\nTchirgui ‚Äì Perfurar; \r\nTchagui ‚Äì Chute\r\nMaki ‚Äì Defesa; \r\nOligui ‚Äì Levantar. \r\n\r\n2. Base do p√©: \r\nNarani: As pernas separadas de lado na largura do ombro. \r\nJutchumso: Base agachada, as pernas separadas de lado, 2x a largura do ombro. \r\nApsogui: Base de um passo normal para frente\r\nApkubi: Base de um passo penetrado para frente com o joelho da frente flexionado e a perna de tr√°s esticada\r\n\r\n3. Regras de competi√ß√£o: \r\na) Quais s√£o os pontos ganhos numa competi√ß√£o? \r\nChute no tronco, chute no rosto e soco no tronco. \r\nb) Protetores obrigat√≥rios em competi√ß√£o: \r\nCabe√ßa, bucal, t√≥rax, antibra√ßo, genital e canela. \r\nNo caso de empate depois de finalizado o 3¬∫ round, o quarto round de dois minutos se levar√° a cabo como round de morte s√∫bita, depois de um minuto de descanso do 3¬∫ round. \r\nd) Tamanho da √°rea oficial de combate: \r\nA √°rea √© de 8m x 8m, e ter√° uma superf√≠cie lisa e sem obst√°culos. \r\n\r\n4. Contagem num√©rica: \r\n1¬∫ - Il\r\n2¬∫ - I	\r\n3¬∫ - Sam\r\n4¬∫ - Sa\r\n5¬∫ - √î\r\n6¬∫ - Iuk\r\n7¬∫ - Tchil\r\n8¬∫ - Pal\r\n9¬∫ - Gu\r\n10¬∫ ‚Äì Ship'),(3,1,'7¬∫ GUB',3,'Faixa Amarela Ponta Verde','A faixa amarela ponta verde √© a terceira do taekwondo, para que o aluno d√™ seq√º√™ncia √† pr√≥xima etapa, al√©m de assimilar os conte√∫dos desta faixa para prestar o exame de gradua√ß√£o, dever√° saber o conte√∫do das faixas anteriores. \r\n\r\nOs conte√∫dos desta faixa est√£o divididos em 6 partes: \r\n\r\n1. POOM-SE ‚Äì Movimento de faixa\r\n2. TCHAGUI ‚Äì Chutes\r\n3. MATCHO KYORUGUI ‚Äì Luta combinada\r\n4. JAIU KYORUGUI ‚Äì Combate\r\n5. YUYON SUNG ‚Äì Flexibilidade\r\n6. IRON ‚Äì Teoria\r\n\r\n1. POOM-SE\r\nNome: TEGUK I JANG\r\nSignificado: Teguk I Jang simboliza o \"Tae\", um dos 8 sinais divinos, que significa a firmeza e a suavidade externa. \r\n\r\nComposi√ß√£o: Esse poom-se consiste nos movimentos b√°sicos apresentados na gradua√ß√£o anterior com √™nfase nas a√ß√µes do ap tchagui que aparecem mais freq√ºentemente neste poom-se. Os 23 movimentos devem ser executados em 18 contagens. \r\n\r\nTempo: O tempo de dura√ß√£o deste poom-se dever√° ser de 30 segundos. \r\n\r\nAs crian√ßas poder√£o apresentar este poom-se com contagem no dia do exame, de acordo com o bom senso do professor. \r\n\r\n2. TCHAGUI ‚Äì Chutes\r\nS√£o cinco chutes nesta gradua√ß√£o que dever√£o ser executados da seguinte forma: \r\nPreparo: O professor dar√° o seguinte comando ‚ÄúTchagui, Jumbi‚Ä?, e o aluno dever√° recuar a perna direita com kihap (grito), aguardar a contagem do professor para chutar alternando as pernas, ou seja, na primeira contagem o chute ser√° com a perna direita e na segunda com a esquerda e assim sucessivamente. \r\n\r\nTodos os chutes dever√£o ser executados com kihap e no mesmo lugar (parado). \r\n\r\n1 - TIMIO AP BAL AP DOLIO TCHAGUI\r\nChute saltando, acerta o peito do p√© da frente na altura da cintura. \r\n\r\n2 - TIMIO TUIT TCHAGUI\r\nChute saltando por tr√°s (dar um salto girando o corpo por tr√°s e chutar ‚Äúcomo um coice‚Ä? a perna que soltar√° o golpe dever√° passar rente ao outro joelho). \r\n\r\n3 - RURIO TCHAGUI\r\nGancho - Gira o corpo pela frente e acerta o calcanhar na altura do rosto puxando como se fosse um gancho. \r\n\r\n4 - AP BAL RURIO TCHAGUI\r\nMesmo chute anterior agora com o p√© da frente\r\n\r\n5 - MONDOLIO RURIO TCHAGUI\r\nChute girando por tr√°s e puxando um gancho na altura do rosto. \r\n\r\n3. MATCHO KYORUGUI ‚Äì Luta combinada\r\nNesta gradua√ß√£o o matcho kyorugui exigido ser√° Il-bo derion (luta combinada de um passo). \r\nO aluno dever√° desenvolver as habilidades utilizando apenas t√©cnicas com a m√£o aberta. \r\n\r\n4. JAIU KYORUGUI ‚Äì Combate\r\nCombate de 30 segundos a 01 minuto. \r\n\r\n5. YUYON SUNG ‚Äì Flexibilidade\r\n\r\n6. IRON ‚Äì Teoria\r\n1. Base do p√©: \r\n- Tuit kubi: Base em \"L\", o p√© da frente apontado para frente e o p√© de tr√°s apontado para o lado. \r\n- Moa sogui: Base com os p√©s juntos. \r\n- Bum sogui: Base leopardo, o p√© da frente com o calcanhar levantado e os dois joelhos flexionados. \r\n- Tchariot sogui: Base em posi√ß√£o de sentido com a ponta dos p√©s 22.5 graus separados. \r\n- Pyoni sogui: As pernas separadas de lado na largura do ombro com a ponta dos p√©s separados 22.5 graus. \r\n\r\n2. Regras de Competi√ß√£o\r\n- As meias faltas (Kyong go - Advert√™ncia equivale a meio ponto perdido) \r\n1.	Segurar o advers√°rio; \r\n2.	Empurrar o advers√°rio; \r\n3.	Agarrar o advers√°rio; \r\n4.	Sair da quadra (10m x 10m); \r\n5.	Virar as costas; \r\n6.	Cair propositalmente; \r\n7.	Aplicar joelhada; \r\n8.	Ataque na regi√£o genital; \r\n9.	Chute na coxa; \r\n10.	Soco no rosto; \r\n11.	Comemorar ap√≥s golpe; \r\n12.	Mau comportamento; \r\n13.	Fingimento. \r\n\r\n- As faltas inteiras (Kam jom - Advert√™ncia equivale a um ponto negativo) \r\n1.	Atacar advers√°rio ca√≠do; \r\n2.	Atacar regi√£o das costas; \r\n3.	Mau comportamento; \r\n4.	Soco no rosto; \r\n5.	Dar cabe√ßada; \r\n6.	Derrubar o advers√°rio; \r\n7.	Sair da √°rea de competi√ß√£o;\r\n8.	Atacar o advers√°rio ap√≥s a separa√ß√£o, sem autoriza√ß√£o de prosseguir. \r\n\r\n- Pontua√ß√£o\r\nOs pontos v√°lidos se dividem como se segue: \r\n1 ponto ganho: - s√¥co no tronco e chute no tronco. \r\n2 pontos ganhos: - chute com giro\r\n3 pontos ganhos: - chute no rosto\r\n\r\n- Partes proibidas ao ataque: \r\nA regi√£o do √≥rg√£o genital e abaixo dele\r\nToda parte posterior da cabe√ßa\r\nQualquer parte do corpo que for atingida pelo joelho ou cotovelo'),(4,1,'6¬∫ GUB',4,'Faixa Verde','A faixa verde √© a quarta do taekwondo, para que o aluno d√™ seq√º√™ncia √† pr√≥xima etapa, al√©m de assimilar os conte√∫dos desta faixa para prestar o exame de gradua√ß√£o, dever√° saber o conte√∫do das faixas anteriores. \r\n\r\nEsta e a pr√≥xima faixa representam o crescimento f√≠sico, mental e espiritual, √© o in√≠cio da destreza que come√ßa a surgir no aluno, onde al√©m do aprimoramento de todos seus conhecimentos, √© fundamental que o aluno esteja ciente do esp√≠rito do Taekwondo, √© uma etapa de amplo crescimento de seu conhecimento. \r\n\r\nOs conte√∫dos desta faixa est√£o divididos em 6 partes: \r\n\r\n1. POOM-SE ‚Äì Movimento de faixa	\r\n2. TCHAGUI ‚Äì Chutes\r\n3. MATCHO KYORUGUI ‚Äì Luta combinada\r\n4. JAIU KYORUGUI ‚Äì Combate\r\n5. YUYON SUNG ‚Äì Flexibilidade\r\n6. IRON ‚Äì Teoria\r\n\r\n1. POOM-SE\r\nNome: TEGUK SAM JANG\r\nSignificado: Teguk Sam Jang simboliza o \"Ra\", um dos 8 sinais divinos, que representa \"quente e resplandecente\". Isso encoraja o aluno a abrigar um senso de justi√ßa e ardor pra treinar. \r\n\r\nComposi√ß√£o: Esse poom-se consiste nos movimentos b√°sicos apresentados nas gradua√ß√µes anteriores e novas a√ß√µes como: han sonnal mok thigui e han sonnal iop maki. Esse poom-se √© caracterizado pelas sucessivas defesas e ataques. √â dada √™nfase para os contra-ataques empregados contra o ataque do oponente. Os 34 movimentos devem ser executados em 20 contagens. \r\n\r\nTempo: O tempo de dura√ß√£o deste poom-se dever√° ser de 35 segundos. \r\n\r\nAs crian√ßas poder√£o apresentar este poom-se com contagem no dia do exame, de acordo com o bom senso do professor. \r\n\r\n2. TCHAGUI ‚Äì Chutes\r\nS√£o dez chutes nesta gradua√ß√£o, sendo que 4 s√£o no lugar e 6 andando, que dever√£o ser executados da seguinte forma: \r\nPreparo: O professor dar√° o seguinte comando ‚ÄúTchagui, Jumbi‚Ä?, e o aluno dever√° recuar a perna direita com kihap (grito). \r\n\r\nDo 1¬∫ ao 4¬∫ chute, aguardar a contagem do professor para chutar alternando as pernas, ou seja, na primeira contagem o chute ser√° com a perna direita e na segunda com a esquerda e assim sucessivamente. \r\n\r\nDo 5¬∫ ao 10¬∫ chute, eles dever√£o ser aplicados caminhando, iniciando com a perna direita atr√°s, no fim da execu√ß√£o de cada chute, fazer meia volta e no retorno dever√° ser com perna esquerda (caso a execu√ß√£o termine com a perna direita na frente, basta dar um passo e fazer a meia volta, deixando a perna esquerda atr√°s ap√≥s a virada). \r\n\r\nTodos os chutes dever√£o ser executados com kihap. \r\n\r\n* Jejari - no lugar do 1¬∫ ao 4¬∫ chute. \r\n\r\n1 - NAR√ä TCHAGUI\r\nChutar dois ap dolio com salto, sendo com a perna direita e depois esquerda e voltar a perna do segundo chute para tr√°s. \r\n\r\n2 - AP DOLIO TCHAG√î DOLIO TCHAGUI\r\nChutar ap dolio (peito do p√© na cintura), coloque o p√© no ch√£o e dolio (chute lateral na altura do rosto), os dois chutes com a mesma perna. \r\n\r\n3 - AP DOLIO TCHAG√î MOMDOLIO RURIO TCHAGUI\r\nChutar ap dolio (peito do p√© na cintura), voltar o p√© para tr√°s e aplicar o mondolio (chute girando por tr√°s e puxando um gancho na altura do rosto), os dois chutes com a mesma perna. \r\n\r\n4 - TIMIO AP BAL AP TCHAGUI\r\nChute frontal com salto e com o p√© da frente (dar um salto levantando o joelho flexionado e estender a ponta do p√© da frente na altura do queixo). \r\n\r\n* Apuro ‚Äì caminhando do 5¬∫ ao 10¬∫ chute. \r\n\r\n5 ‚Äì AP DOLIO TCHAG√î DOLIO TCHAGUI \r\nChutar ap dolio (peito do p√© na cintura), dar um passo (step) e chutar dolio (chute diagonal na altura do rosto), com a mesma perna. \r\n\r\n6 ‚Äì AP DOLIO TCHAG√î CR√î TIMIO DOLIO TCHAGUI\r\nChutar ap dolio (peito do p√© na cintura), com a perna de tr√°s, ap√≥s o chute ela ficar√° na frente, levante a mesma perna amea√ßando e chute dolio com a outra perna (chute diagonal na altura do rosto).\r\n\r\n7 - TIG√î TCHAG√î TUIT TCHAGUI\r\nChute pisando (levantar o joelho flexionado e estender a perna aplicando uma pisada na altura do rosto), ap√≥s o chute a perna ficar√° na frente, chute tuit tchagui (girar o corpo por tr√°s e chutar ‚Äúcomo um coice‚Ä? a perna que soltar√° o golpe dever√° passar rente ao outro joelho). \r\n\r\n8 - TIG√î TCHAG√î APURO TUIT TCHAGUI\r\nChute pisando (levantar o joelho flexionado e estender a perna aplicando uma pisada na altura do rosto), ap√≥s o chute a perna ficar√° na frente, dar um passo (step) e chutar duit tchagui com o p√© dir (girar o corpo por tr√°s e chutar ‚Äúcomo um coice‚Ä? a perna que soltar√° o golpe dever√° passar rente ao outro joelho). \r\n\r\n9 - DOLIO TCHAG√î JEJARI BALBACU√ì TUIT TCHAGUI\r\nChutar dolio (chute diagonal na altura do rosto), jejari balbacu√≥ (trocar de base no lugar) e chutar duit tchagui com o p√© dir (girar o corpo por tr√°s e chutar ‚Äúcomo um coice‚Ä? a perna que soltar√° o golpe dever√° passar rente ao outro joelho). \r\n\r\n10 - DOLIO TCHAG√î APURO MICR√î TUIT TCHAGUI\r\nChutar dolio (chute diagonal na altura do rosto), apuro micro (escorregar os dois p√©s paralelamente para frente) e chutar tuit tchagui (girar o corpo por tr√°s e chutar ‚Äúcomo um coice‚Ä? a perna que soltar√° o golpe dever√° passar rente ao outro joelho). \r\n\r\n3. MATCHO KYORUGUI ‚Äì Luta combinada\r\nNesta gradua√ß√£o o matcho kyorugui exigido ser√° Il-bo derion (luta combinada de um passo). \r\nO aluno dever√° desenvolver as habilidades utilizando t√©cnicas com o cotovelo e com o joelho. \r\n\r\n4. JAIU KYORUGUI ‚Äì Combate\r\nCombate de 30‚Ä? a 1‚Äô e 30‚Ä?. \r\n\r\n5. YUYON SUNG ‚Äì Flexibilidade\r\n\r\n6. IRON ‚Äì Teoria\r\n\r\n- Palmok - antebra√ßo\r\nAn palmok - dentro do antebra√ßo\r\nBacat palmok - fora do antebra√ßo\r\nDung palmok - costa do punho\r\nMit palmok - barriga do antebra√ßo\r\nPalkup ‚Äì cotovelo\r\n\r\n- Alguns tipos de competi√ß√µes e concursos: \r\nKyorugui individual\r\nKyorugui dupla\r\nKyorugui por equipe de 5 atletas\r\nPoom-se individual\r\nPoom-se por equipe\r\nTaekwondo Dance\r\nKyok pa - Quebramento em altura, for√ßa e dist√¢ncia\r\nKihap ‚Äì Grito\r\nMiss Taekwondo\r\n\r\n- Tipos de vit√≥ria\r\nVit√≥ria por desclassifica√ß√£o\r\nVit√≥ria por desist√™ncia\r\nVit√≥ria por ferimento\r\nVit√≥ria por nocaute\r\nVit√≥ria por pontos\r\nVit√≥ria por pontos perdidos\r\nVit√≥ria por superioridade\r\nVit√≥ria por nocaute t√©cnico'),(5,1,'5¬∫ GUB',5,'Faixa Verde Ponta Azul','A faixa verde ponta azul √© a quinta do taekwondo, para que o aluno d√™ seq√º√™ncia √† pr√≥xima etapa, al√©m de assimilar os conte√∫dos desta faixa para prestar o exame de gradua√ß√£o, dever√° saber o conte√∫do das faixas anteriores. \r\n\r\nOs conte√∫dos desta faixa est√£o divididos em 6 partes: \r\n\r\n1. POOM-SE ‚Äì Movimento de faixa	\r\n2. TCHAGUI ‚Äì Chutes\r\n3. MATCHO KYORUGUI ‚Äì Luta combinada\r\n4. JAIU KYORUGUI ‚Äì Combate\r\n5. YUYON SUNG ‚Äì Flexibilidade\r\n6. IRON ‚Äì Teoria\r\n\r\n1. POOM-SE\r\nNome: TEGUK SA JANG\r\nSignificado: Teguk Sa Jang simboliza o \"Jin\", um dos 8 sinais divinos, que representa o grande poder do trov√£o e da dignidade. \r\n\r\nComposi√ß√£o: Esse poom-se consiste nos movimentos b√°sicos apresentados nas gradua√ß√µes anteriores e novas a√ß√µes como: sonnal montong maki, pyon son cut seo thirgui, jebi poom mok thigui, yop tchaqui, montong bacat maki e dung jumok olgul ap thigui. Em v√°rios movimentos usamos a base duit kub. Os 29 movimentos devem ser executados em 20 contagens. \r\n\r\nTempo: O tempo de dura√ß√£o deste poom-se dever√° ser de 30 segundos. \r\n\r\nAs crian√ßas poder√£o apresentar este poom-se com contagem no dia do exame, de acordo com o bom senso do professor. \r\n\r\n2. TCHAGUI ‚Äì Chutes\r\nS√£o dez chutes nesta gradua√ß√£o, sendo que os 4 primeiros s√£o com a base ‚Äúnarani are retcho maki‚Ä? e os outros 6 s√£o com salto e na base ‚ÄúKyonumse‚Ä? (base b√°sica dos chutes, livre, a vontade), que dever√£o ser executados da seguinte forma: \r\n\r\nPreparo: Do 1¬∫ ao 4¬∫ chute, o professor dar√° o seguinte comando ‚ÄúNarani are retcho maki ‚Äì Jumbi‚Ä? e o aluno dever√° separar a perna esquerda e ao mesmo tempo cruzar os bra√ßos na frente do peito, descendo e executando duas defesas baixas simultaneamente com kihap. \r\n\r\nDo 5¬∫ ao 10¬∫ o professor dar√° o seguinte comando ‚ÄúTchagui, Jumbi‚Ä?, e o aluno dever√° recuar a perna direita com kihap (grito). \r\n\r\nTodos os chutes dever√£o ser executados com kihap. \r\n\r\n* Base narani are retcho maki\r\n\r\n1 - GODUP AP TCHAGUI\r\nChutar dois ap tchagui com a mesma perna (chute frontal - levantar o joelho flexionado e estender a ponta do p√© na altura do queixo 2x). \r\n\r\n2 - AN, BACAT e RURIO TCHAGUI\r\nChute para dentro, fora e gancho. \r\n\r\n3 - AP, IOP, RURIO, DOLIO e TUIT TCHAGUI\r\nChute frontal, chute de lado, chute diagonal na altura do rosto com o peito do p√© e chute por tr√°s ‚Äútipo coice‚Ä? (dire√ß√£o - o primeiro ser√° para frente, os outros tr√™s para o lado e o √∫ltimo para tr√°s). \r\n\r\n4 - GODUP IOP TCHAGUI\r\nChutar dois iop tchagui - de lado (levantar o joelho flexionado lateralmente, estenda a perna acertando com a ‚Äúfaca‚Ä? do p√© no alvo). \r\n\r\n* Kyonumse ‚Äì Tchagui jumbi. \r\n\r\n5 ‚Äì TIMIO AP TCHAGUI\r\nChute frontal com salto (dar um salto levantando o joelho flexionado e estender a ponta do p√© na altura do queixo). \r\n\r\n6 ‚Äì TIMIO TIG√î TCHAGUI\r\nChute pisando com salto (dar um salto levantando o joelho flexionado e estender a perna aplicando uma pisada na altura do rosto). \r\n\r\n7 - TIMIO AP BAL RURIO TCHAGUI\r\nGancho com o p√© da frente e com salto (dar um salto girando o corpo pela frente e acertar o calcanhar na altura do rosto puxando como se fosse um gancho). \r\n\r\n8 - TIMIO IOP MIR√î TCHAGUI\r\nChute empurrando de lado e com salto (dar um salto levantando o joelho flexionado e girando a cintura, simultaneamente, estenda a perna acertando com a ‚Äúfaca‚Ä? do p√© no alvo). \r\n\r\n9 ‚Äì TIMIO DOLIO THAGUI\r\nChute diagonal na altura do rosto e com salto (saltar levantantando o joelho flexionado girando a cintura, estenda a perna acertando com peito do p√© na altura do rosto). \r\n\r\n10 - TIMIO MONDOLIO RURIO TCHAGUI\r\nChute girando por tr√°s e puxando um gancho na altura do rosto e com salto. \r\n\r\n3. MATCHO KYORUGUI ‚Äì Luta combinada\r\nNesta gradua√ß√£o o matcho kyorugui exigido ser√° Il-bo derion (luta combinada de um passo). \r\nO aluno dever√° desenvolver as habilidades utilizando t√©cnicas com chutes. \r\n\r\n4. JAIU KYORUGUI ‚Äì Combate\r\nCombate de 30‚Ä? a 1‚Äô e 30‚Ä?. \r\n\r\n5. YUYON SUNG ‚Äì Flexibilidade\r\n\r\n6. IRON ‚Äì Teoria\r\n\r\n1. DIRGUI ‚Äì Socar\r\nMomtong dirgui ‚Äì soco no tronco\r\nDolio dirgui ‚Äì soco lateral\r\nSeu√≥ dirgui ‚Äì soco levantado\r\nIop dirgui ‚Äì soco de lado\r\nNerio dirgui ‚Äì soco de cima para baixo \r\nJetchio dirgui ‚Äì soco virando o punho na barriga\r\n\r\n2. MAKI ‚Äì Defesa	\r\n- Bacat maki ‚Äì defesa para fora\r\nAn maki ‚Äì defesa para dentro\r\nIop maki ‚Äì defesa de lado\r\nPitro maki ‚Äì defesa diagonal\r\nOtgoro maki ‚Äì defesa cruzando o pulso\r\n\r\n3. TCHIGUI ‚Äì Bater\r\nAp tchigui ‚Äì bater de frente\r\nAn tchigui - bater para dentro\r\nBacat tchigui - bater para fora\r\nIop tchigui ‚Äì bater de lado\r\nNerio tchigui - bater de cima pra baixo'),(6,1,'4¬∫ GUB',6,'Faixa Azul','A faixa azul √© a sexta do taekwondo, para que o aluno d√™ seq√º√™ncia √† pr√≥xima etapa, al√©m de assimilar os conte√∫dos desta faixa para prestar o exame de gradua√ß√£o, dever√° saber o conte√∫do das faixas anteriores. \r\n\r\nEsta e a pr√≥xima faixa representam o amadurecimento do aluno. Simbolizada pelo c√©u, para onde a planta se dirige; a liberdade de utilizar, com racioc√≠nio e criatividade tudo o que foi aprendido. \r\n\r\nOs conte√∫dos desta faixa est√£o divididos em 9 partes: \r\n\r\n1. POOM-SE ‚Äì Movimento de faixa\r\n2. POOM-SE EXTRA ‚Äì Movimento das faixas anteriores	\r\n3. TCHAGUI ‚Äì Chutes\r\n4. MATCHO KYORUGUI ‚Äì Luta combinada\r\n5. STEP KYORUGUI ‚Äì Combate de step\r\n6. JAIU KYORUGUI ‚Äì Combate\r\n7. KYOK PA ‚Äì Quebramento\r\n8. YUYON SUNG ‚Äì Flexibilidade\r\n9. IRON ‚Äì Teoria\r\n\r\n1. POOM-SE\r\nNome: TEGUK O JANG\r\nSignificado: Teguk O Jang simboliza o \"Son\", um dos 8 sinais divinos, que representa o vento, significando tanto uma for√ßa potente quanto a tranq√ºilidade de acordo com sua for√ßa. \r\n\r\nComposi√ß√£o: Esse poom-se consiste em alguns movimentos b√°sicos apresentados nas gradua√ß√µes anteriores e em novas a√ß√µes como: me jumok nerio tchigui, palkup dolio tchigui, iop tchamio iop dirugui e palkup pyo jok tchigui. Esse poom-se √© caracterizado pelas sucessivas defesas de montong maki e are maki. Os 32 movimentos devem ser executados em 20 contagens. \r\n\r\nTempo: O tempo de dura√ß√£o deste poom-se dever√° ser de 30 segundos. \r\nAs crian√ßas poder√£o apresentar este poom-se com contagem no dia do exame, de acordo com o bom senso do professor. \r\n\r\n\r\n\r\n\r\n2. POOM-SE EXTRA\r\nO aluno dever√° executar um poom-se entre o teguk il jang e o teguk sa jang de acordo com a escolha do mestre examinador. \r\n\r\n3. TCHAGUI ‚Äì Chutes\r\nS√£o dez chutes nesta gradua√ß√£o, sendo que os 8 primeiros s√£o no lugar e os 2 √∫ltimos seq√ºenciais, que dever√£o ser executados da seguinte forma: \r\n\r\nPreparo: O professor dar√° o seguinte comando ‚ÄúTchagui, Jumbi‚Ä?, e o aluno dever√° recuar a perna direita com kihap (grito). \r\n\r\nDo 1¬∫ ao 8¬∫ chute, aguardar a contagem do professor para chutar alternando as pernas, ou seja, na primeira contagem o chute ser√° com a perna direita e na segunda com a esquerda e assim sucessivamente. \r\n\r\nO 9¬∫ e 10¬∫ ser√£o seq√ºenciais (ion-sok bal tchagui), iniciando com a perna direita atr√°s. \r\n\r\nTodos os chutes dever√£o ser executados com kihap. \r\n\r\n* Jejari - no lugar do 1¬∫ ao 8¬∫ chute. \r\n\r\n1 - GODUP DOLIO TCHAGUI\r\nFingir (amea√ßar) um ap dolho (peito do p√© na cintura), e aplicar o dolio tchagui com a mesma perna (chute diagonal na altura do rosto), \r\n\r\n2 - GODUP IOP TCHAGUI\r\nFingir (amea√ßar) um iop tchagui (chute de lado) mais baixo e em seguida aplicar o iop tchagui mais alto. \r\n\r\n3 - GODUP MONDOLIO RURIO TCHAGUI\r\nFingir (amea√ßar) um mondolio mais baixo e em seguida execut√°-lo corretamente. (chute girando por tr√°s e puxando um gancho na altura do rosto). \r\n\r\n4 - OLGUL NAR√ä TCHAGUI\r\nChutar com salto - ap dolio na cintura com uma perna e dolio na altura do rosto com a outra perna, ap√≥s aplica√ß√£o voltar √† perna do segundo chute para tr√°s. \r\n\r\n5 ‚Äì AP DOLIO TCHAG√î GODUP MONDOLIO RURIO TCHAGUI\r\nChutar ap dolio (peito do p√© na cintura), voltar a perna para tr√°s, fingir (amea√ßar) um mondolio mais baixo e em seguida execut√°-lo corretamente. (chute girando por tr√°s e puxando um gancho na altura do rosto), todos com a mesma perna. \r\n\r\n6 ‚Äì SEBON NAR√ä TCHAG√î TUIT TCHAGUI\r\nChutar 3 ap dolio (peito do p√© na cintura) sendo com as pernas alternadas (ex. direita, esquerda e direita), voltar a perna do √∫ltimo chute para tr√°s e aplicar um tuit tchagui, chute por tr√°s (girar o corpo por tr√°s e chutar ‚Äúcomo um coice‚Ä? a perna que soltar√° o golpe dever√° passar rente ao outro joelho). \r\n\r\n7 - SEBON NAR√ä TCHAG√î MONDOLIO RURIO TCHAGUI\r\nChutar 3 ap dolio (peito do p√© na cintura) sendo com as pernas alternadas (ex. direita, esquerda e direita), voltar a perna do √∫ltimo chute para tr√°s e aplicar um mondolio (chute girando por tr√°s e puxando um gancho na altura do rosto). \r\n\r\n8 - SEBON NAR√ä TCHAG√î DOLGUE TCHAGUI\r\nChutar 3 ap dolio (peito do p√© na cintura) sendo com as pernas alternadas (ex. direita, esquerda e direita), voltar a perna do √∫ltimo chute para tr√°s e aplicar um dolgue (gire pelas costas levando a perna de tr√°s e aplique um ap tolho com a perna da frente) \r\n\r\n* Ion-sok ‚Äì seq√º√™ncia - 9¬∫ e 10¬∫ chutes. \r\n\r\n9 - APURO DASS√îT-BON BAL TCHAGUI\r\nAplicar 5 chutes caminhando com qualquer perna, com ou sem step e salto. \r\n\r\n10 - JEJARI DASS√îT-BON BAL TCHAGUI\r\nAplicar 5 chutes no lugar com qualquer perna, com ou sem step e salto. \r\n\r\n4. MATCHO KYORUGUI ‚Äì Luta combinada\r\nNesta gradua√ß√£o o matcho kyorugui exigido ser√° Il-bo derion (luta combinada de um passo). \r\nO aluno dever√° desenvolver as habilidades utilizando t√©cnicas de tor√ß√£o e queda. \r\n\r\n5. STEP KYORUGUI ‚Äì Combate de step\r\nCombate utilizando apenas steps - de 30‚Ä? a 1‚Äô. \r\nAmea√ßar os chutes. \r\n\r\n6. JAIU KYORUGUI ‚Äì Combate\r\nCombate de 30‚Ä? a 1‚Äô e 30‚Ä?. \r\n\r\n7. KYOK PA ‚Äì Quebramento\r\nKyok pa √© um dos m√©todos usados para medir a for√ßa, velocidade e a precis√£o do praticante, aplicando uma variedade de habilidades de taekwondo contra t√°buas de madeira, tijolos ou qualquer material escolhido com aplica√ß√£o de for√ßa f√≠sica e concentra√ß√£o mental. \r\n\r\nNesta gradua√ß√£o a t√©cnica utilizada ser√° o Timio ap tchagui. \r\n\r\n- Mulheres, crian√ßas e 3¬™ idade ‚Äì a altura ser√° de um palmo acima da cabe√ßa. \r\n- Adulto Masculino ‚Äì a altura ser√° de um bra√ßo estendido acima da cabe√ßa. \r\n\r\n8. YUYON SUNG ‚Äì Flexibilidade\r\n\r\n9. IRON ‚Äì Teoria\r\n\r\n1. BASE\r\nOrun sogui: Base com o p√© direito apontado para frente e o p√© esquerdo apontado para o lado esquerdo. \r\nUen sogui: Base com o p√© esquerdo apontado para frente e o p√© direito apontado para o lado direito. \r\nTui coa sogui: Base cruzada por tr√°s ‚Äì p√© direito apontado para frente e o esquerdo cruzado por tr√°s e apenas com a ponta do p√© no ch√£o. \r\n\r\n2. DIVIS√ÉO DO CORPO\r\n- Jumok (Punho cerrado) \r\nDung jumok - Costa do punho\r\nMe jumok - Barriga do punho\r\nJung kwon - Punho\r\n\r\n- Son (M√£o) \r\nSonnal - Faca da m√£o\r\nPyon soncut - Ponta dos dedos\r\nSonnal dung - Lado oposto da faca da m√£o\r\nBatang son - Palma da m√£o\r\nGaui soncut - Ponta do indicador e m√©dio\r\nRan soncut - Ponta de um dedo\r\nAgui son - Adutor do polegar e indicador\r\n\r\n- Bal (P√©) \r\nAp tchuk - Ponta do p√©\r\nDui tchuk - Calcanhar\r\nBal cut - Ponta dos dedos\r\nBal nal - Faca do p√©\r\nBal nal dung - Lado oposto da faca de p√©\r\nBal padak - Planta do p√©\r\nBal dung - Dorso do p√©\r\nDuikuntchi ‚Äì Calcanhar'),(7,1,'3¬∫ GUB',7,'Faixa Azul Ponta Vermelha','A faixa azul ponta vermelha √© a s√©tima do taekwondo, para que o aluno d√™ seq√º√™ncia √† pr√≥xima etapa, al√©m de assimilar os conte√∫dos desta faixa para prestar o exame de gradua√ß√£o, dever√° saber o conte√∫do das faixas anteriores. \r\n\r\nOs conte√∫dos desta faixa est√£o divididos em 10 partes: \r\n\r\n01. POOM-SE ‚Äì Movimento de faixa\r\n02. POOM-SE EXTRA ‚Äì Movimento das faixas anteriores\r\n03. TCHAGUI ‚Äì Chutes\r\n04. MATCHO KYORUGUI ‚Äì Luta combinada\r\n05. STEP KYORUGUI ‚Äì Combate de step\r\n06. JAIU KYORUGUI ‚Äì Combate\r\n07. JAIU KYORUGUI EXTRA ‚Äì Combate extra\r\n08. KYOK PA ‚Äì Quebramento\r\n09. YUYON SUNG ‚Äì Flexibilidade\r\n10. IRON ‚Äì Teoria\r\n\r\n1. POOM-SE\r\nNome: TEGUK IUK JANG\r\nSignificado: Teguk Iuk Jang, simboliza o \"Kam\", um dos 8 sinais divinos, que representa a √°gua, significando um continuo fluxo e suavidade. \r\n\r\nComposi√ß√£o: Esse poom-se consiste em alguns movimentos b√°sicos apresentados nas gradua√ß√µes anteriores e em novas a√ß√µes como: han sonnal pitr√¥ maki, olgul bacat maki, are retchi√¥ maki e batang son montong maki. Deve-se ter cuidado para fazer com que o p√© do chute termine no ponto certo ap√≥s o dolio tchagui, a palma da m√£o do batang son montong maki, deve ficar na altura do peito, no han sonnal pitr√¥ maki virar bem o tronco para o lado oposto da perna da frente, sem levantar o calcanhar de tr√°s. Os 31 movimentos devem ser executados em 19 contagens. \r\n\r\nTempo: O tempo de dura√ß√£o deste poom-se dever√° ser de 32 segundos. \r\n\r\nAs crian√ßas poder√£o apresentar este poom-se com contagem no dia do exame, de acordo com o bom senso do professor. \r\n\r\n2. POOM-SE EXTRA\r\nO aluno dever√° executar um poom-se entre o teguk il jang e o teguk o jang de acordo com a escolha do mestre examinador. \r\n\r\n3. TCHAGUI ‚Äì Chutes\r\nS√£o dez chutes nesta gradua√ß√£o, sendo que os 7 primeiros s√£o no lugar e os 3 √∫ltimos caminhando, que dever√£o ser executados da seguinte forma: \r\n\r\nPreparo: O professor dar√° o seguinte comando ‚ÄúTchagui, Jumbi‚Ä?, e o aluno dever√° recuar a perna direita com kihap (grito). \r\n\r\nDo 1¬∫ ao 7¬∫ chute, aguardar a contagem do professor para chutar alternando as pernas, ou seja, na primeira contagem o chute ser√° com a perna direita e na segunda com a esquerda e assim sucessivamente. \r\n\r\nDo 8¬∫ ao 10¬∫ ser√£o seq√ºenciais (ion-sok bal tchagui), iniciando com a perna direita atr√°s. \r\n\r\nTodos os chutes dever√£o ser executados com kihap. \r\n\r\n* Jejari - no lugar do 1¬∫ ao 7¬∫ chute. \r\n\r\n1 - AP BAL IOP TCHAGUI\r\nChute de lado com o p√© da frente (levantar o joelho da perna da frente, flexionado e girando o p√© de base e a cintura, simultaneamente, estenda a perna acertando com a ‚Äúfaca‚Ä? do p√© no alvo). \r\n\r\n2 - AP BAL TIGO TCHAGUI\r\nChute pisando com o p√© da frente (levantar o joelho da perna da frente, flexionado e estender a perna aplicando uma pisada na altura do rosto). \r\n\r\n3 - AP BAL BACAT TCHAGUI\r\nChute circular para fora com o p√© da frente (levantar a perna da frente fazendo um circulo de dentro para fora). \r\n\r\n4 - AP BAL DOLIO TCHAGUI\r\nChute diagonal na altura do rosto com a perna da frente (levantar o joelho da perna da frente flexionado gire o p√© de base e a cintura, estenda a perna acertando com peito do p√© na altura do rosto). \r\n\r\n5 ‚Äì APUR√î TIMIO TUIT TCHAGUI\r\n(360¬∫) Avance saltando com perna de tr√°s (direita) para frente e gire um tuit tchagui - chute por tr√°s (girar o corpo por tr√°s e chutar ‚Äúcomo um coice‚Ä? a perna que soltar√° o golpe dever√° passar rente ao outro joelho), com a perna esquerda. \r\n\r\n6 ‚Äì APUR√î TIMIO MONDOLIO RURIO TCHAGUI \r\n(360¬∫) Avance saltando com perna de tr√°s (direita) para frente e gire um mondolio - chute girando por tr√°s e puxando um gancho na altura do rosto. \r\n\r\n7 - MONDOLIO (fingimento), DOLGUE TCHAGUI\r\nFingir a aplica√ß√£o de um mondolio (girat√≥rio), voltando a perna atr√°s e em seguida, efetuar um dolgue (gire pelas costas levando a perna de tr√°s e aplique um ap tolho com a perna da frente). \r\n\r\n* Ion-sok ‚Äì seq√º√™ncia ‚Äì do 8¬∫ ao 10¬∫ chute. \r\n\r\n8 - APUR√î ORUN BAL DAS√îT-BON TCHAGUI\r\nAplicar 5 chutes caminhando com a perna direita, com ou sem step e salto. \r\n\r\n9 - APUR√î UEN BAL DAS√îT-BON TCHAGUI\r\nAplicar 5 chutes caminhando com a perna esquerda, com ou sem step e salto. \r\n\r\n10 - APUR√î DASS√îT-BON BAL TIMIO TCHAGUI\r\nAplicar 5 chutes caminhando, com salto e step. \r\n\r\n4. MATCHO KYORUGUI ‚Äì Luta combinada\r\nNesta gradua√ß√£o o matcho kyorugui exigido ser√° Il-bo derion (luta combinada de um passo). \r\nO aluno dever√° desenvolver as habilidades utilizando todas as t√©cnicas das gradua√ß√µes anteriores (livre).\r\n\r\n5. STEP KYORUGUI ‚Äì Combate de step\r\nCombate utilizando apenas steps - de 30‚Ä? a 1‚Äô e 30‚Ä?. \r\nAmea√ßar os chutes. \r\n\r\n6. JAIU KYORUGUI ‚Äì Combate\r\nCombate de 30‚Ä? a 2‚Äô. \r\n\r\n7. JAIU KYORUGUI EXTRA ‚Äì Combate extra\r\n3 alunos (cada um por si) ou 1 contra 2\r\nDe 20‚Ä? a 1‚Äô de dura√ß√£o. \r\n\r\n8. KYOK PA ‚Äì Quebramento\r\nNesta gradua√ß√£o a t√©cnica utilizada ser√° o timio iop tchagui. \r\n- Mulheres, crian√ßas e 3¬™ idade ‚Äì saltando sobre 3 a 5 pessoas ajoelhadas. \r\n- Adulto Masculino ‚Äì saltando sobre 4 a 8 pessoas com as pernas esticadas e com o tronco inclinado para frente. \r\n\r\n9. YUYON SUNG ‚Äì Flexibilidade\r\n\r\n10. IRON ‚Äì Teoria\r\n\r\n1. TIPOS DE KYORUGUI\r\nMatcho kyorugui - Luta combinada\r\nSebun kyorugui - Luta combinada de 3 passos (sambo kyorugui) \r\nDubun kyorugui - Luta combinada de 2 passos (Ibo kyorugui ) \r\nHanbun kyorugui - Luta combinada de 1 passo ( Ilbo kyorugui ) \r\nJaiu kyorugui - Luta livre - combate	\r\nIaksok kyorugui - Luta combinada simulada ‚Äì sombra\r\nSihap kyorugui - Luta de competi√ß√£o\r\nHogu kyorugui - Luta com protetores\r\nStep kyorugui - Luta de step\r\nHosin kyorugui - Luta de defesa pessoal\r\nAnja kyorugui - Luta sentada (ajoelhada) \r\nIl de I kyorugui - Luta de um contra dois\r\n\r\n2. PALAVRAS USADAS EM COMPETI√á√ïES\r\nKyong ki jang - √?rea de competi√ß√£o\r\nSon su - Atleta \r\nTchong - Azul \r\nHong - Vermelho\r\nTche gub - Categoria \r\nThu tchom - Sorteio\r\nKyogki shigam - Dura√ß√£o do combate	\r\nSeung ja -Vencedor	\r\nDuk jom - Ponto ganho\r\nGam jom - Dedu√ß√£o de ponto	\r\nBohod√™ - Protetores	\r\nKyong-go - Advert√™ncia (meia falta) \r\nKam jom - Advert√™ncia (equivale a um ponto negativo)	\r\nKnock Down - Queda	\r\nKnock Out - Nocaute - K.O. \r\nJu-shim - Arbitro central \r\nBu-shim - √?rbitro lateral	\r\nBe-shim - Juiz de mesa \r\nHo-gu - Protetor de t√≥rax\r\nSafod√™ - Protetor genital \r\nUse - Superioridade'),(8,1,'2¬∫ GUB',8,'Faixa Vermelha','A faixa vermelha √© a oitava do taekwondo, para que o aluno d√™ seq√º√™ncia √† pr√≥xima etapa, al√©m de assimilar os conte√∫dos desta faixa para prestar o exame de gradua√ß√£o, dever√° saber o conte√∫do das faixas anteriores. \r\n\r\nEsta e a pr√≥xima faixa representam o sol, assim como o sol √© respons√°vel pela vida no universo, nesta fase o aluno torna-se respons√°vel por todos em sua academia, torna-se assistente de instrutor (Jokyo nim). Seus conhecimentos adquiridos e aperfei√ßoados representam uma parte da pr√≥pria academia, portanto √© uma fase de alerta sobre seus atos e comportamentos, o aluno tem que ter a consci√™ncia de suas t√©cnicas e do poder que elas t√™m, e por isso, √© fundamental que este saiba porque, como, quando e para que us√°-las, tendo em vista sua grande responsabilidade. \r\n\r\nOs conte√∫dos desta faixa est√£o divididos em 10 partes: \r\n\r\n01. POOM-SE ‚Äì Movimento de faixa\r\n02. POOM-SE EXTRA ‚Äì Movimento das faixas anteriores\r\n03. TCHAGUI ‚Äì Chutes\r\n04. MATCHO KYORUGUI ‚Äì Luta combinada\r\n05. STEP KYORUGUI ‚Äì Combate de step\r\n06. JAIU KYORUGUI ‚Äì Combate\r\n07. JAIU KYORUGUI EXTRA ‚Äì Combate extra\r\n08. KYOK PA ‚Äì Quebramento\r\n09. YUYON SUNG ‚Äì Flexibilidade\r\n10. IRON ‚Äì Teoria\r\n\r\n1. POOM-SE\r\nNome: TEGUK TCHIL JANG\r\nSignificado: Teguk Tchil Jang simboliza o \"Kan\", um dos 8 sinais divinos, que representa a montanha, significando pondera√ß√£o e firmeza. \r\n\r\nComposi√ß√£o: Esse poom-se consiste em alguns movimentos b√°sicos apresentados nas gradua√ß√µes anteriores e em novas a√ß√µes como: sonnal are maki, batang son gudur√¥ montong maki, montong rethio maki, iop dirgui, murup tchigui, gau√≠ maki, du jumok jetchio dirgui, otgor√¥ are maki, ding jumok bacat tchigui e bo jumok. Uma conex√£o refinada de movimentos √© importante para treinar esse poom-se. Os 33 movimentos devem ser executados em 25 contagens. \r\n\r\nTempo: O tempo de dura√ß√£o deste poom-se dever√° ser de 32 segundos. \r\n\r\nAs crian√ßas poder√£o apresentar este poom-se com contagem no dia do exame, de acordo com o bom senso do professor. \r\n\r\n2. POOM-SE EXTRA\r\nO aluno dever√° executar um poom-se entre o teguk il jang e o teguk iuk jang de acordo com a escolha do mestre examinador. \r\n\r\n3. TCHAGUI ‚Äì Chutes\r\nS√£o dez chutes nesta gradua√ß√£o, sendo que os 4 primeiros s√£o no lugar e os 6 √∫ltimos ser√£o na TAGUET (raquete), que dever√£o ser executados da seguinte forma: \r\n\r\nPreparo: O professor dar√° o seguinte comando ‚ÄúTchagui, Jumbi‚Ä?, e o aluno dever√° recuar a perna direita com kihap (grito). \r\n\r\nDo 1¬∫ ao 4¬∫ chute, aguardar a contagem do professor para chutar alternando as pernas, ou seja, na primeira contagem o chute ser√° com a perna direita e na segunda com a esquerda e assim sucessivamente. \r\n\r\nO 5¬∫ e 10¬∫ dever√° formar uma fila, na ordem da forma√ß√£o do exame e cada aluno executar√° o chute individualmente na raquete ap√≥s o comando do professor ‚ÄúShijak‚Ä?. \r\n\r\nTodos os chutes dever√£o ser executados com kihap. \r\n\r\n* Jejari - no lugar do 1¬∫ ao 4¬∫ chute. \r\n\r\n1 ‚Äì AP DOLIO, IOP TCHAGUI \r\nChutar ap dolio (peito do p√© na cintura), antes de colocar o p√© no ch√£o executar um iop tchagui (chute de lado) com o mesmo p√©. \r\n\r\n2 - TIG√î, IOP TCHAGUI\r\nChute pisando (levantar o joelho flexionado e estender a perna aplicando uma pisada na altura do rosto), antes de colocar o p√© no ch√£o executar um iop tchagui (chute de lado) com o mesmo p√©. \r\n\r\n3 ‚Äì AN, IOP TCHAGUI\r\nChute circular para dentro (levantar a perna fazendo um circulo de fora para dentro), antes de colocar o p√© no ch√£o executar um iop tchagui (chute de lado) com o mesmo p√©. \r\n\r\n4 - DOLIO, IOP TCHAGUI\r\nChute diagonal na altura do rosto (levantar o joelho flexionado gire o p√© de base e a cintura, estenda a perna acertando com peito do p√© na altura do rosto), antes de colocar o p√© no ch√£o executar um iop tchagui (chute de lado) com o mesmo p√©. \r\n\r\n* TAGUET (raquete demonstra√ß√£o) - 5¬∫ ao 10¬∫ chute. \r\n\r\n5 ‚Äì TIMIO AP TCHAGUI\r\nChute frontal com salto (dar um salto levantando o joelho flexionado e estender a ponta do p√© da frente na altura do queixo), tamb√©m pode levantar uma perna saltando e chutar com a outra. \r\n\r\n6 ‚Äì TIMIO DUBUN AP TCHAGUI \r\nDar um salto e aplicar dois chutes frontais na mesma altura. (revezando as pernas, 1¬∫ direita e depois esquerda), ser√£o dois chutes no mesmo salto. \r\n\r\n7 - TIMIO SEBON AP TCHAGUI\r\nDar um salto e aplicar tr√™s chutes frontais na mesma altura. (revezando as pernas, 1¬∫ direita, depois esquerda e direita novamente), ser√£o tr√™s chutes no mesmo salto. \r\n\r\n8 - TIMIO SEBON AP TCHAGO, TIGO TCHAGUI\r\nDar um salto e aplicar dois chutes frontais na mesma altura, um na altura do rosto e finalizando com um tigo tchagui. (1¬∫ direita, depois esquerda, direita e direita novamente), ser√£o quatro chutes no mesmo salto. \r\n\r\n9 - TIMIO SS√ÉO BAL AP TCHAGUI\r\nDar um salto e aplicar dois chutes frontais com as penas separadas (uma perna para cada lado) ao mesmo tempo. \r\n\r\n10 - TIMIO DUBAL AP TCHAGUI\r\nCom os dois p√©s juntos aplicar um ap tchagui com salto. \r\n\r\n4. MATCHO KYORUGUI ‚Äì Luta combinada\r\nNesta gradua√ß√£o o matcho kyorugui exigido ser√° Il-bo derion (luta combinada de um passo). E de acordo com o mestre avaliador, poder√° ser exigido tamb√©m ‚Äúandja kyorugui‚Ä? ‚Äì luta combinada ajoelhado. \r\n\r\nO aluno dever√° desenvolver as habilidades utilizando t√©cnicas livres, ou seja, poder√£o ser utilizadas todas aprendidas anteriormente e poder√£o ser desenvolvidas algumas t√©cnicas pelo pr√≥prio aluno. \r\n\r\n5. STEP KYORUGUI ‚Äì Combate de step\r\nCombate utilizando apenas steps - de 30‚Ä? a 1‚Äô e 30‚Ä?. \r\nAmea√ßar os chutes. \r\n\r\n6. JAIU KYORUGUI ‚Äì Combate\r\nCombate de 30‚Ä? a 2‚Äô. \r\n\r\n7. JAIU KYORUGUI EXTRA ‚Äì Combate extra\r\n3 alunos (cada um por si) ou 1 contra 2\r\nDe 20‚Ä? a 1‚Äô de dura√ß√£o. \r\n\r\n8. KYOK PA ‚Äì Quebramento\r\nNesta gradua√ß√£o a t√©cnica utilizada ser√° o timio mondolio rurio tchagui. \r\n\r\n9. YUYON SUNG ‚Äì Flexibilidade\r\n\r\n10. IRON ‚Äì Teoria\r\nNesta gradua√ß√£o, al√©m de toda a teoria das faixas anteriores, poder√° ser exigido um trabalho escrito de acordo com o professor respons√°vel.'),(9,1,'1¬∫ GUB',9,'Faixa Vermelha Ponta Preta','A faixa vermelha com ponta preta √© a nona do taekwondo, para que o aluno d√™ seq√º√™ncia √† pr√≥xima etapa, al√©m de assimilar os conte√∫dos desta faixa para prestar o exame de gradua√ß√£o, dever√° saber o conte√∫do das faixas anteriores. \r\n\r\nOs conte√∫dos desta faixa est√£o divididos em 10 partes: \r\n\r\n01. POOM-SE ‚Äì Movimento de faixa\r\n02. POOM-SE EXTRA ‚Äì Movimento das faixas anteriores	\r\n03. TCHAGUI ‚Äì Chutes\r\n04. MATCHO KYORUGUI ‚Äì Luta combinada\r\n05. STEP KYORUGUI ‚Äì Combate de step\r\n06. JAIU KYORUGUI ‚Äì Combate\r\n07. JAIU KYORUGUI EXTRA ‚Äì Combate extra\r\n08. KYOK PA ‚Äì Quebramento\r\n09. YUYON SUNG ‚Äì Flexibilidade\r\n10. IRON ‚Äì Teoria\r\n\r\n1. POOM-SE\r\nNome: TEGUK PAL JANG\r\nSignificado: Teguk Pal Jang simboliza o \"Kon\", um dos 8 sinais divinos, que representa o \"yin\" e a Terra, significando a origem, a povoa√ß√£o e tamb√©m o come√ßo e o fim. \r\n\r\nComposi√ß√£o: Esse poom-se consiste em alguns movimentos b√°sicos apresentados nas gradua√ß√µes anteriores e em novas a√ß√µes como: goduro montong maki, eu santul maki, dangyo tuk tchigui e goduro are maki. Esse √© o ultimo dos 8 Teguk, que poder√° permitir ao aluno passar pelo exame de promo√ß√£o para candidato a faixa preta e posteriormente ao 1¬∫ Dan (faixa preta). Os 38 movimentos devem ser executados em 27 contagens. \r\n\r\nTempo: O tempo de dura√ß√£o deste poom-se dever√° ser de 37 segundos. \r\n\r\nAs crian√ßas poder√£o apresentar este poom-se com contagem no dia do exame, de acordo com o bom senso do professor. \r\n\r\n2. POOM-SE EXTRA\r\nO aluno dever√° executar um poom-se entre o teguk il jang e o teguk tchil jang de acordo com a escolha do mestre examinador. \r\n\r\n3. TCHAGUI ‚Äì Chutes\r\nS√£o dez chutes nesta gradua√ß√£o, sendo que os 5 primeiros s√£o no lugar e mais 5 na TAGUET (raquete), nesta gradua√ß√£o poder√° ser exigido tamb√©m chutes na raquete para competi√ß√£o. \r\n\r\nOs chutes dever√£o ser executados da seguinte forma: \r\n\r\nPreparo: O professor dar√° o seguinte comando ‚ÄúTchagui, Jumbi‚Ä?, e o aluno dever√° recuar a perna direita com kihap (grito). \r\n\r\nDo 1¬∫ ao 5¬∫ chute, aguardar a contagem do professor para chutar alternando as pernas, ou seja, na primeira contagem o chute ser√° com a perna direita e na segunda com a esquerda e assim sucessivamente. \r\n\r\nO 6¬∫ e 10¬∫ dever√° formar uma fila, na ordem da forma√ß√£o do exame e cada aluno executar√° o chute individualmente na raquete ap√≥s o comando do professor ‚ÄúShijak‚Ä?. \r\n\r\nTodos os chutes dever√£o ser executados com kihap. \r\n\r\n* Jejari - no lugar do 1¬∫ ao 5¬∫ chute. \r\n\r\n1 ‚Äì SEBON OLGUL NARE TCHAGUI\r\nSer√£o tr√™s chutes, sendo dois ap dolio com salto (nare tchagui) e o terceiro no rosto. \r\n\r\n2 - TIMIO IOP TCHAGO E TIMIO TUIT TCHAGUI\r\nExecutar com salto um iop tchagui (chute de lado) e com a outra perna e no mesmo salto executar um tuit tchagui (chute por tr√°s). \r\n\r\n3 ‚Äì TIMIO AP BAL IOP TCHAGO TUIT TCHAGUI\r\nExecutar com salto um iop tchagui, com a perna da frente e com a outra perna (no mesmo salto) executar um tuit tchagui (chute por tr√°s). \r\n\r\n4 - TIMIO AP BAL AP DOLIO TCHAGO TUIT TCHACUI\r\nExecutar com salto um ap dolio, com a perna da frente e com a outra perna (no mesmo salto) executar um tuit tchagui (chute por tr√°s). \r\n\r\n5 ‚Äì TIMIO AP BAL AP DOLIO TCHAGO MONDOLIO RURIO TCHAGUI\r\nExecutar com salto um ap dolio, com a perna da frente e com a outra perna (no mesmo salto) executar um mondolio (chute girando por tr√°s e puxando um gancho na altura do rosto). \r\n\r\n* TAGUET (raquete demonstra√ß√£o) - 6¬∫ ao 10¬∫ chute. \r\n\r\n6 ‚Äì TIMIO IOP TCHAGUI\r\nChute de lado com salto (levantar o joelho flexionado girando a cintura e saltando, simultaneamente, estenda a perna acertando com a ‚Äúfaca‚Ä? do p√© no alvo). \r\n\r\n7 - TIMIO SEBUN IOP TCHAGUI\r\nDar um salto e aplicar tr√™s chutes laterais (revezando as pernas, 1¬∫ direita, depois esquerda e direita novamente), ser√£o tr√™s chutes no mesmo salto. \r\n\r\n8 - TIMIO GAUI TCHAGUI\r\nDar um salto e aplicar dois chutes simultaneamente (um pitro para esquerda e um iop para direita). \r\n\r\n9 - TIMIO MO-DUM BAL IOP TCHAGUI\r\nDar um salto e aplicar iop tchagui com os p√©s juntos no mesmo alvo. \r\n\r\n10 - TIMIO IOP TCHAGO JUNG KWON\r\nDar um salto e aplicar um iop para um lado direito e um soco para o esquerdo. \r\n\r\n* TAGUET (raquete competi√ß√£o) ‚Äì 1 minuto\r\nUm professor ou auxiliar, dever√° segurar duas raquetes, uma na altura da cintura e outra na altura do rosto e contar quantos chutes o aluno que est√° sendo avaliado chutar√° durante um minuto. \r\n\r\n4. MATCHO KYORUGUI ‚Äì Luta combinada\r\nNesta gradua√ß√£o o matcho kyorugui exigido ser√° Il-bo derion (luta combinada de um passo). E de acordo com o mestre avaliador, poder√° ser exigido tamb√©m ‚Äúandja kyorugui‚Ä? ‚Äì luta combinada ajoelhado. \r\n\r\nO aluno dever√° desenvolver as habilidades utilizando t√©cnicas livres, ou seja, poder√£o ser utilizadas todas aprendidas anteriormente e poder√£o ser desenvolvidas algumas t√©cnicas pelo pr√≥prio aluno. \r\n\r\n5. STEP KYORUGUI ‚Äì Combate de step\r\nCombate utilizando apenas steps - de 30‚Ä? a 1‚Äô e 30‚Ä?. \r\nAmea√ßar os chutes. \r\n\r\n6. JAIU KYORUGUI ‚Äì Combate\r\nCombate de 30‚Ä? a 2‚Äô. \r\n\r\n7. JAIU KYORUGUI EXTRA ‚Äì Combate extra\r\n3 alunos (cada um por si) ou 1 contra 2\r\nDe 30‚Ä? a 1‚Äô de dura√ß√£o. \r\n\r\n8. KYOK PA ‚Äì Quebramento\r\nNesta gradua√ß√£o a t√©cnica utilizada ser√° o timio ss√£o bal ap tchagui. \r\n\r\n9. YUYON SUNG ‚Äì Flexibilidade\r\n\r\n10. IRON ‚Äì Teoria\r\nNesta gradua√ß√£o, al√©m de toda a teoria das faixas anteriores, poder√° ser exigido um trabalho escrito de acordo com o professor respons√°vel.'),(10,1,' ',10,'Faixa Candidato √† Preta','A faixa de candidato a preta √© a d√©cima do taekwondo, para que o aluno d√™ seq√º√™ncia √† pr√≥xima etapa, al√©m de assimilar os conte√∫dos desta faixa para prestar o exame de gradua√ß√£o, dever√° saber o conte√∫do das faixas anteriores. \r\n\r\nOs conte√∫dos desta faixa est√£o divididos em 10 partes: \r\n\r\n01. POOM-SE ‚Äì Movimento de faixa\r\n02. POOM-SE EXTRA (I e II) ‚Äì 2 Movimentos das faixas anteriores\r\n03. TCHAGUI (I a VI) ‚Äì Chutes\r\n04. KIBON DONGJAC ‚Äì Movimentos b√°sicos de ataque e defesa\r\n05. MATCHO KYORUGUI (I e II) ‚Äì Luta combinada\r\n06. HOSIN KYORUGUI ‚Äì Defesa pessoal contra pegadas\r\n07. STEP KYORUGUI ‚Äì Combate de step\r\n08. JAIU KYORUGUI ‚Äì Combate\r\n09. JAIU KYORUGUI EXTRA ‚Äì Combate extra\r\n10. KYOK PA ‚Äì Quebramento\r\n11. YUYON SUNG ‚Äì Flexibilidade\r\n12. IRON ‚Äì Teoria\r\n\r\n1. POOM-SE\r\nNome: TEGUK PAL JANG\r\nSignificado: Teguk Pal Jang simboliza o \"Kon\", um dos 8 sinais divinos, que representa o \"yin\" e a Terra, significando a origem, a povoa√ß√£o e tamb√©m o come√ßo e o fim. \r\n\r\nComposi√ß√£o: Esse poom-se consiste em alguns movimentos b√°sicos apresentados nas gradua√ß√µes anteriores e em novas a√ß√µes como: goduro montong maki, eu santul maki, dangyo tuk tchigui e goduro are maki. Esse √© o ultimo dos 8 Teguk, que poder√° permitir ao aluno passar pelo exame de promo√ß√£o para candidato a faixa preta e posteriormente ao 1¬∫ Dan (faixa preta). Os 38 movimentos devem ser executados em 27 contagens. \r\n\r\nTempo: O tempo de dura√ß√£o deste poom-se dever√° ser de 37 segundos. \r\n\r\nAs crian√ßas poder√£o apresentar este poom-se com contagem no dia do exame, de acordo com o bom senso do professor. \r\n\r\n2. POOM-SE EXTRA\r\nO aluno dever√° executar dois poom-ses entre o teguk il jang e o teguk tchil jang de acordo com a escolha do mestre examinador. \r\n\r\n3. TCHAGUI ‚Äì Chutes\r\n1 ‚Äì KIBON BAL TCHAGUI\r\nTodos os chutes b√°sicos feitos no mesmo lugar. \r\n\r\n2 ‚Äì ION-SOK BAL TCHAGUI\r\nChutes em seq√º√™ncia ‚Äì no lugar e caminhando. \r\n\r\n3 ‚Äì GYUN HYONG BAL TCHAGUI\r\nProje√ß√£o dos chutes b√°sicos - na finaliza√ß√£o manter 10 segundos parado para teste de equil√≠brio. \r\n\r\n4 - TAGUET TCHAGUI ‚Äì I\r\nChutes de demonstra√ß√£o na raquete com salto. \r\n\r\n5 ‚Äì JONG HWAK SUNG BAL TCHAGUI\r\nChute de precis√£o ‚Äì poder√° ser utilizado copos descart√°veis como alvo. \r\n\r\n6 ‚Äì TAGUET TCHAGUI ‚Äì II\r\nChutes livres na raquete, acompanhados de velocidade e for√ßa. \r\n\r\n4. MATCHO KYORUGUI e ANDJA KYORUGUI ‚Äì Luta combinada\r\nNesta gradua√ß√£o o matcho kyorugui exigido ser√° Il-bo derion (luta combinada de um passo). \r\n\r\nSer√° exigido tamb√©m o andja kyorugui ‚Äì luta combinada ajoelhado. \r\n\r\nO aluno dever√° desenvolver as habilidades utilizando t√©cnicas livres, ou seja, poder√£o ser utilizadas todas aprendidas anteriormente e poder√£o ser desenvolvidas algumas t√©cnicas pelo pr√≥prio aluno. \r\n\r\n5. HOSIN KYORUGUI ‚Äì Defesa pessoal contra pegadas\r\nO aluno dever√° desenvolver t√©cnicas contra pegadas. Ter√° que sair da pegada e aplicar uma finaliza√ß√£o com kihap. \r\n\r\n6. STEP KYORUGUI ‚Äì Combate de step\r\nCombate utilizando apenas steps - de 30‚Ä? a 1‚Äô e 30‚Ä?. \r\nAmea√ßar os chutes. \r\n\r\n7. JAIU KYORUGUI ‚Äì Combate\r\nCombate de 30‚Ä? a 2‚Äô. \r\n\r\n8. JAIU KYORUGUI EXTRA ‚Äì Combate extra\r\n3 alunos (cada um por si) ou 1 contra 2\r\nDe 30‚Ä? a 1‚Äô de dura√ß√£o. \r\n\r\n9. KYOK PA ‚Äì Quebramento\r\nNesta gradua√ß√£o a t√©cnica utilizada ser√° escolhida na hora pela bancada examinadora. \r\n\r\nAconselha-se treinar TIMIO SEBON AP TCHAGUI e mais uma t√©cnica especial escolhida pelo aluno graduando. \r\n\r\n10. YUYON SUNG ‚Äì Flexibilidade\r\n\r\n11. IRON ‚Äì Teoria\r\n\r\nNesta gradua√ß√£o, al√©m de toda a teoria das faixas anteriores o graduando dever√° elaborar um trabalho escrito de acordo com as normas do √≥rg√£o examinador competente. (Federa√ß√£o, Confedera√ß√£o ou Liga)\r\n\r\nOutros itens que ser√£o avaliados separadamente nesta gradua√ß√£o. \r\nSI - Sison: vis√£o\r\nSO - Sogui: base\r\nJA - Jas√©: postura\r\nHI - Him: for√ßa\r\nYU - Yu-yon sung: flexibilidade\r\nKI - Kihap: Ki-hap\r\nGU - Guin-hyong: equil√≠brio\r\nGI - Gigu-ryok: resist√™ncia\r\nYE - Ye-ui: disciplina\r\nTC - Tchamyo song: participa√ß√£o\r\nJI - Jip-jung-ryok: concentra√ß√£o\r\nU - Sunbal-ryok: impuls√£o / explos√£o\r\nJO - Jong rak song: precis√£o '),(11,1,'1¬∫ DAN',11,'Faixa Preta 1¬∫ Dan',NULL),(12,1,'2¬∫ DAN',12,'Faixa Preta 2¬∫ Dan',NULL),(13,1,'3¬∫ DAN',13,'Faixa Preta 3¬∫ Dan',NULL),(14,1,'4¬∫ DAN',14,'Faixa Preta 4¬∫ Dan',NULL);

/*Table structure for table `graduacao_federado` */

DROP TABLE IF EXISTS `graduacao_federado`;

CREATE TABLE `graduacao_federado` (
  `id_graduacao_federado` int(11) NOT NULL AUTO_INCREMENT,
  `id_modalidade` int(2) NOT NULL,
  `id_graduacao` varchar(7) CHARACTER SET latin1 COLLATE latin1_spanish_ci NOT NULL,
  `id_federado` int(11) NOT NULL,
  `status` int(1) NOT NULL,
  `data_emissao` date NOT NULL,
  PRIMARY KEY (`id_graduacao_federado`),
  KEY `FK_federado_graduacao` (`id_federado`),
  CONSTRAINT `FK_federado_graduacao` FOREIGN KEY (`id_federado`) REFERENCES `federado` (`id_federado`) ON DELETE CASCADE ON UPDATE CASCADE
) ENGINE=InnoDB AUTO_INCREMENT=8 DEFAULT CHARSET=utf8;

/*Data for the table `graduacao_federado` */

insert  into `graduacao_federado`(`id_graduacao_federado`,`id_modalidade`,`id_graduacao`,`id_federado`,`status`,`data_emissao`) values (1,1,'13',1,1,'1990-05-05'),(2,1,'1',6,1,'2013-01-01'),(3,1,'10',5,1,'1999-10-10'),(4,1,'11',3,1,'2000-01-10'),(5,1,'3',7,1,'1999-10-05'),(6,1,'9',8,1,'2013-04-29'),(7,1,'5',9,1,'2013-04-29');

/*Table structure for table `graduacao_participantes` */

DROP TABLE IF EXISTS `graduacao_participantes`;

CREATE TABLE `graduacao_participantes` (
  `id_evento` int(8) NOT NULL,
  `id_federado` int(11) NOT NULL,
  `id_faixa` int(11) DEFAULT NULL COMMENT 'faixa que est√° se candidatando\n',
  PRIMARY KEY (`id_evento`,`id_federado`),
  KEY `FK_participante` (`id_federado`),
  CONSTRAINT `FK_graduacao` FOREIGN KEY (`id_evento`) REFERENCES `evento_graduacao` (`id_evento`) ON UPDATE CASCADE,
  CONSTRAINT `FK_participante` FOREIGN KEY (`id_federado`) REFERENCES `federado` (`id_federado`) ON UPDATE CASCADE
) ENGINE=InnoDB DEFAULT CHARSET=utf8;

/*Data for the table `graduacao_participantes` */

/*Table structure for table `instrutor` */

DROP TABLE IF EXISTS `instrutor`;

CREATE TABLE `instrutor` (
  `id_instrutor` int(11) NOT NULL AUTO_INCREMENT,
  `id_federado` int(11) NOT NULL,
  PRIMARY KEY (`id_instrutor`),
  KEY `FK_instrutor_federado` (`id_federado`),
  CONSTRAINT `FK_instrutor_federado` FOREIGN KEY (`id_federado`) REFERENCES `federado` (`id_federado`) ON UPDATE CASCADE
) ENGINE=InnoDB AUTO_INCREMENT=3 DEFAULT CHARSET=utf8 COMMENT='Aqui contem a lista de todos os que s√£o instrutores dentro d';

/*Data for the table `instrutor` */

insert  into `instrutor`(`id_instrutor`,`id_federado`) values (2,1),(1,3);

/*Table structure for table `instrutor_por_modalidade` */

DROP TABLE IF EXISTS `instrutor_por_modalidade`;

CREATE TABLE `instrutor_por_modalidade` (
  `id_instrutor_por_modalidade` int(11) NOT NULL AUTO_INCREMENT,
  `id_modalidade` int(11) NOT NULL,
  `id_instrutor` int(11) NOT NULL,
  `data_inicio` date DEFAULT NULL,
  PRIMARY KEY (`id_instrutor_por_modalidade`),
  KEY `fk_instrutor_por_modalidade_1` (`id_modalidade`),
  KEY `fk_instrutor_por_modalidade_2` (`id_instrutor`),
  CONSTRAINT `fk_instrutor_por_modalidade_1` FOREIGN KEY (`id_modalidade`) REFERENCES `modalidade` (`id_modalidade`) ON DELETE NO ACTION ON UPDATE NO ACTION,
  CONSTRAINT `fk_instrutor_por_modalidade_2` FOREIGN KEY (`id_instrutor`) REFERENCES `instrutor` (`id_instrutor`) ON DELETE NO ACTION ON UPDATE NO ACTION
) ENGINE=InnoDB AUTO_INCREMENT=2 DEFAULT CHARSET=utf8 COMMENT='Aqui nessa tabela fica a lista com todos os instrutores de a';

/*Data for the table `instrutor_por_modalidade` */

insert  into `instrutor_por_modalidade`(`id_instrutor_por_modalidade`,`id_modalidade`,`id_instrutor`,`data_inicio`) values (1,1,1,'2013-05-08');

/*Table structure for table `item` */

DROP TABLE IF EXISTS `item`;

CREATE TABLE `item` (
  `id_item` int(2) NOT NULL AUTO_INCREMENT,
  `descricao` varchar(40) CHARACTER SET latin1 COLLATE latin1_spanish_ci NOT NULL,
  `id_modalidade` int(2) NOT NULL,
  PRIMARY KEY (`id_item`),
  KEY `FK_item_modalidade` (`id_modalidade`),
  CONSTRAINT `FK_item_modalidade` FOREIGN KEY (`id_modalidade`) REFERENCES `modalidade` (`id_modalidade`) ON UPDATE CASCADE
) ENGINE=InnoDB DEFAULT CHARSET=utf8;

/*Data for the table `item` */

/*Table structure for table `itens_pedido` */

DROP TABLE IF EXISTS `itens_pedido`;

CREATE TABLE `itens_pedido` (
  `id_pedido` int(12) NOT NULL,
  `numero` int(3) NOT NULL,
  `id_item` int(2) NOT NULL,
  `tamanho` varchar(2) CHARACTER SET latin1 COLLATE latin1_spanish_ci NOT NULL,
  `quantidade` int(3) NOT NULL,
  PRIMARY KEY (`id_pedido`,`numero`),
  KEY `FK_itens_pedido` (`id_item`),
  CONSTRAINT `FK_itens_pedido` FOREIGN KEY (`id_item`) REFERENCES `item` (`id_item`) ON UPDATE CASCADE,
  CONSTRAINT `FK_pedido` FOREIGN KEY (`id_pedido`) REFERENCES `pedido` (`id_pedido`) ON UPDATE CASCADE
) ENGINE=InnoDB DEFAULT CHARSET=utf8;

/*Data for the table `itens_pedido` */

/*Table structure for table `login` */

DROP TABLE IF EXISTS `login`;

CREATE TABLE `login` (
  `id_login` int(11) NOT NULL AUTO_INCREMENT,
  `login` varchar(20) CHARACTER SET latin1 COLLATE latin1_spanish_ci NOT NULL,
  `senha` varchar(32) CHARACTER SET latin1 COLLATE latin1_spanish_ci NOT NULL,
  `id_federado` int(11) NOT NULL,
  PRIMARY KEY (`id_login`),
  KEY `FK_login_federado` (`id_federado`),
  CONSTRAINT `FK_login_federado` FOREIGN KEY (`id_federado`) REFERENCES `federado` (`id_federado`) ON DELETE CASCADE ON UPDATE CASCADE
) ENGINE=InnoDB AUTO_INCREMENT=9 DEFAULT CHARSET=utf8;

/*Data for the table `login` */

insert  into `login`(`id_login`,`login`,`senha`,`id_federado`) values (1,'administrador','1234',1),(3,'apaulo','pPRBUMewgO',6),(4,'apaula','ExBuOwUtWT',7),(5,'mfernanda','kBWkX5OUwr',8),(6,'csilveira','tpKGrPRXfv',9),(7,'iroberto','uURJ810mp1',3),(8,'cvalter','PDmcn289al',5);

/*Table structure for table `mala_direta` */

DROP TABLE IF EXISTS `mala_direta`;

CREATE TABLE `mala_direta` (
  `id` int(1) NOT NULL AUTO_INCREMENT,
  `mensagem` mediumtext CHARACTER SET latin1 COLLATE latin1_spanish_ci NOT NULL COMMENT 'campo para armazenar a mensagem de mala-direta aos aniversariantes',
  PRIMARY KEY (`id`)
) ENGINE=InnoDB DEFAULT CHARSET=utf8;

/*Data for the table `mala_direta` */

/*Table structure for table `matricula` */

DROP TABLE IF EXISTS `matricula`;

CREATE TABLE `matricula` (
  `id_federado` int(11) NOT NULL,
  `id_modalidade` int(2) NOT NULL,
  `id_filial` int(10) NOT NULL,
  `data_matricula` date NOT NULL COMMENT 'data da matricula para saber o tempo de pr√°tica',
  `matricula_filial` date NOT NULL COMMENT 'data de matricula na filial',
  PRIMARY KEY (`id_federado`,`id_modalidade`,`id_filial`),
  KEY `FK_matricula_modalidade` (`id_modalidade`),
  KEY `FK_matricula_filial` (`id_filial`),
  CONSTRAINT `FK_matricula_federado` FOREIGN KEY (`id_federado`) REFERENCES `federado` (`id_federado`) ON DELETE CASCADE ON UPDATE CASCADE,
  CONSTRAINT `FK_matricula_filial` FOREIGN KEY (`id_filial`) REFERENCES `filial` (`id_filial`) ON UPDATE CASCADE,
  CONSTRAINT `FK_matricula_modalidade` FOREIGN KEY (`id_modalidade`) REFERENCES `modalidade` (`id_modalidade`) ON UPDATE CASCADE
) ENGINE=InnoDB DEFAULT CHARSET=utf8;

/*Data for the table `matricula` */

insert  into `matricula`(`id_federado`,`id_modalidade`,`id_filial`,`data_matricula`,`matricula_filial`) values (1,1,0,'2013-04-30','2013-04-30'),(3,1,0,'2013-04-30','2013-04-30'),(5,1,0,'2013-04-30','2013-04-30'),(6,1,1,'2013-04-29','2013-04-29'),(7,1,1,'2013-04-29','2013-04-29'),(8,1,1,'2013-04-29','2013-04-29'),(9,1,1,'2013-04-29','2013-04-29');

/*Table structure for table `modalidade` */

DROP TABLE IF EXISTS `modalidade`;

CREATE TABLE `modalidade` (
  `id_modalidade` int(2) NOT NULL AUTO_INCREMENT,
  `nome` varchar(15) CHARACTER SET latin1 COLLATE latin1_spanish_ci NOT NULL,
  `id_coordenador` int(11) NOT NULL,
  PRIMARY KEY (`id_modalidade`),
  KEY `FK_coordenador_modalidade` (`id_coordenador`),
  CONSTRAINT `FK_coordenador_modalidade` FOREIGN KEY (`id_coordenador`) REFERENCES `coordenador` (`id_coordenador`) ON UPDATE CASCADE
) ENGINE=InnoDB AUTO_INCREMENT=2 DEFAULT CHARSET=utf8;

/*Data for the table `modalidade` */

insert  into `modalidade`(`id_modalidade`,`nome`,`id_coordenador`) values (1,'Taekwondo',1);

/*Table structure for table `movimento_faixa` */

DROP TABLE IF EXISTS `movimento_faixa`;

CREATE TABLE `movimento_faixa` (
  `id_movimento_faixa` int(11) NOT NULL AUTO_INCREMENT,
  `id_graduacao` int(11) DEFAULT NULL,
  `id_modalidade` int(11) DEFAULT NULL,
  `nome_movimento` varchar(45) DEFAULT NULL,
  `sigla` varchar(2) DEFAULT NULL,
  PRIMARY KEY (`id_movimento_faixa`),
  KEY `fk_movimento_faixa_1` (`id_modalidade`),
  KEY `fk_movimento_faixa_2` (`id_graduacao`),
  CONSTRAINT `fk_movimento_faixa_1` FOREIGN KEY (`id_modalidade`) REFERENCES `modalidade` (`id_modalidade`) ON DELETE NO ACTION ON UPDATE NO ACTION,
  CONSTRAINT `fk_movimento_faixa_2` FOREIGN KEY (`id_graduacao`) REFERENCES `graduacao` (`id_graduacao`) ON DELETE NO ACTION ON UPDATE NO ACTION
) ENGINE=InnoDB AUTO_INCREMENT=67 DEFAULT CHARSET=latin1;

/*Data for the table `movimento_faixa` */

insert  into `movimento_faixa`(`id_movimento_faixa`,`id_graduacao`,`id_modalidade`,`nome_movimento`,`sigla`) values (1,1,1,'POOM-SE ‚Äì Movimento de faixa','PS'),(2,1,1,'TCHAGUI ‚Äì Chutes','TG'),(3,1,1,'IRON ‚Äì Teoria','IR'),(4,2,1,'POOM-SE ‚Äì Movimento de faixa','PS'),(5,2,1,'TCHAGUI ‚Äì Chutes','TG'),(6,2,1,'MATCHO KYORUGUI ','MK'),(7,2,1,'JAIU KYORUGUI ‚Äì Combate','JK'),(8,2,1,'YUYON SUNG ‚Äì Flexibilidade','YU'),(9,2,1,'IRON ‚Äì Teoria','IR'),(10,3,1,'POOM-SE ‚Äì Movimento de faixa','PS'),(11,3,1,'TCHAGUI ‚Äì Chutes','TG'),(12,3,1,'MATCHO KYORUGUI ‚Äì Luta combinada','Mk'),(13,3,1,'JAIU KYORUGUI ‚Äì Combate','JK'),(14,3,1,'YUYON SUNG ‚Äì Flexibilidade','YU'),(15,3,1,'IRON ‚Äì Teoria','IR'),(16,4,1,'POOM-SE ‚Äì Movimento de faixa	','PS'),(17,4,1,'TCHAGUI ‚Äì Chutes','TG'),(18,4,1,'MATCHO KYORUGUI ‚Äì Luta combinada','MK'),(19,4,1,'JAIU KYORUGUI ‚Äì Combate','JK'),(20,4,1,'YUYON SUNG ‚Äì Flexibilidade','YU'),(21,4,1,'IRON ‚Äì Teoria','IR'),(22,5,1,'POOM-SE ‚Äì Movimento de faixa	','PS'),(23,5,1,'TCHAGUI ‚Äì Chutes','TG'),(24,5,1,'MATCHO KYORUGUI ‚Äì Luta combinada','MK'),(25,5,1,'JAIU KYORUGUI ‚Äì Combate','JK'),(26,5,1,'YUYON SUNG ‚Äì Flexibilidade','YU'),(27,5,1,'IRON ‚Äì Teoria','IR'),(28,6,1,'POOM-SE ‚Äì Movimento de faixa','PS'),(29,6,1,'POOM-SE EXTRA ‚Äì Movimento das faixas anterior','PE'),(30,6,1,'TCHAGUI ‚Äì Chutes','TG'),(31,6,1,'MATCHO KYORUGUI ‚Äì Luta combinada','MK'),(32,6,1,'STEP KYORUGUI ‚Äì Combate de step','SK'),(33,6,1,'JAIU KYORUGUI ‚Äì Combate','JK'),(34,6,1,'KYOK PA ‚Äì Quebramento','KP'),(35,6,1,'YUYON SUNG ‚Äì Flexibilidade','YU'),(36,6,1,'IRON ‚Äì Teoria','IR'),(37,7,1,'POOM-SE ‚Äì Movimento de faixa','PS'),(38,7,1,'POOM-SE EXTRA ‚Äì Movimento das faixas anterior','PE'),(39,7,1,'TCHAGUI ‚Äì Chutes','TG'),(40,7,1,'MATCHO KYORUGUI ‚Äì Luta combinada','MK'),(41,7,1,'STEP KYORUGUI ‚Äì Combate de step','SK'),(42,7,1,'JAIU KYORUGUI ‚Äì Combate','JK'),(43,7,1,'JAIU KYORUGUI EXTRA ‚Äì Combate extra','KE'),(44,7,1,'KYOK PA ‚Äì Quebramento','KP'),(45,7,1,'YUYON SUNG ‚Äì Flexibilidade','YU'),(46,7,1,'IRON ‚Äì Teoria','IR'),(47,8,1,'POOM-SE ‚Äì Movimento de faixa','PS'),(48,8,1,'POOM-SE EXTRA ‚Äì Movimento das faixas anterior','PE'),(49,8,1,'TCHAGUI ‚Äì Chutes','TG'),(50,8,1,'MATCHO KYORUGUI ‚Äì Luta combinada','MK'),(51,8,1,'STEP KYORUGUI ‚Äì Combate de step','SK'),(52,8,1,'JAIU KYORUGUI ‚Äì Combate','JK'),(53,8,1,'JAIU KYORUGUI EXTRA ‚Äì Combate extra','KE'),(54,8,1,'KYOK PA ‚Äì Quebramento','KP'),(55,8,1,'YUYON SUNG ‚Äì Flexibilidade','YU'),(56,8,1,'IRON ‚Äì Teoria','IR'),(57,9,1,'POOM-SE ‚Äì Movimento de faixa','PS'),(58,9,1,'POOM-SE EXTRA ‚Äì Movimento das faixas anterior','PE'),(59,9,1,'TCHAGUI ‚Äì Chutes','TG'),(60,9,1,'MATCHO KYORUGUI ‚Äì Luta combinada','MK'),(61,9,1,'STEP KYORUGUI ‚Äì Combate de step','SK'),(62,9,1,'JAIU KYORUGUI ‚Äì Combate','JK'),(63,9,1,'JAIU KYORUGUI EXTRA ‚Äì Combate extra','KE'),(64,9,1,'KYOK PA ‚Äì Quebramento','KP'),(65,9,1,'YUYON SUNG ‚Äì Flexibilidade','YU'),(66,9,1,'IRON ‚Äì Teoria','IR');

/*Table structure for table `nacionalidade` */

DROP TABLE IF EXISTS `nacionalidade`;

CREATE TABLE `nacionalidade` (
  `id` int(2) NOT NULL AUTO_INCREMENT,
  `nacionalidade` varchar(30) CHARACTER SET latin1 COLLATE latin1_spanish_ci NOT NULL,
  PRIMARY KEY (`id`)
) ENGINE=InnoDB AUTO_INCREMENT=2 DEFAULT CHARSET=utf8;

/*Data for the table `nacionalidade` */

insert  into `nacionalidade`(`id`,`nacionalidade`) values (1,'Brasileiro');

/*Table structure for table `pedido` */

DROP TABLE IF EXISTS `pedido`;

CREATE TABLE `pedido` (
  `id_pedido` int(12) NOT NULL AUTO_INCREMENT,
  `data_pedido` date NOT NULL,
  `status` int(1) NOT NULL,
  `id_responsavel` int(11) NOT NULL,
  `fornecedor` int(3) NOT NULL,
  PRIMARY KEY (`id_pedido`),
  KEY `FK_pedido_fornecedor` (`fornecedor`),
  KEY `FK_pedido_coordenador_responsavel` (`id_responsavel`),
  KEY `FK_pedido_status_pedido` (`status`),
  CONSTRAINT `FK_pedido_coordenador_responsavel` FOREIGN KEY (`id_responsavel`) REFERENCES `coordenador` (`id_coordenador`) ON UPDATE CASCADE,
  CONSTRAINT `FK_pedido_fornecedor` FOREIGN KEY (`fornecedor`) REFERENCES `fornecedor` (`id_fornecedor`) ON UPDATE CASCADE,
  CONSTRAINT `FK_pedido_status_pedido` FOREIGN KEY (`status`) REFERENCES `status_pedido` (`id`) ON UPDATE CASCADE
) ENGINE=InnoDB DEFAULT CHARSET=utf8;

/*Data for the table `pedido` */

/*Table structure for table `pre_avaliacao` */

DROP TABLE IF EXISTS `pre_avaliacao`;

CREATE TABLE `pre_avaliacao` (
  `id_pre_avaliacao` int(11) NOT NULL AUTO_INCREMENT,
  `id_evento` int(11) NOT NULL,
  `id_federado` int(11) NOT NULL,
  `id_status_avaliacao` int(11) NOT NULL,
  `data_agendamento` date DEFAULT NULL,
  `id_filial` int(11) DEFAULT NULL,
  `horario` int(11) DEFAULT NULL COMMENT 'Campo horario...\n1 para manh√£ / 2 para Tarde / 3 para Noite',
  PRIMARY KEY (`id_pre_avaliacao`),
  KEY `fk_pre_avaliacao_1` (`id_evento`),
  KEY `fk_pre_avaliacao_2` (`id_federado`),
  KEY `fk_pre_avaliacao_3` (`id_status_avaliacao`),
  KEY `fk_pre_avaliacao_4` (`id_filial`),
  CONSTRAINT `fk_pre_avaliacao_1` FOREIGN KEY (`id_evento`) REFERENCES `evento_graduacao` (`id_evento`) ON UPDATE NO ACTION,
  CONSTRAINT `fk_pre_avaliacao_2` FOREIGN KEY (`id_federado`) REFERENCES `federado` (`id_federado`) ON DELETE NO ACTION ON UPDATE NO ACTION,
  CONSTRAINT `fk_pre_avaliacao_3` FOREIGN KEY (`id_status_avaliacao`) REFERENCES `status_avaliacao` (`id_status_avaliacao`) ON DELETE NO ACTION ON UPDATE NO ACTION,
  CONSTRAINT `fk_pre_avaliacao_4` FOREIGN KEY (`id_filial`) REFERENCES `filial` (`id_filial`) ON DELETE NO ACTION ON UPDATE NO ACTION
) ENGINE=InnoDB AUTO_INCREMENT=5 DEFAULT CHARSET=utf8;

/*Data for the table `pre_avaliacao` */

insert  into `pre_avaliacao`(`id_pre_avaliacao`,`id_evento`,`id_federado`,`id_status_avaliacao`,`data_agendamento`,`id_filial`,`horario`) values (1,13,6,2,'2013-04-30',1,NULL),(2,13,7,2,'2013-04-30',1,NULL),(3,13,8,2,'2013-04-30',1,NULL),(4,13,9,2,'2013-04-30',1,NULL);

/*Table structure for table `prontuario` */

DROP TABLE IF EXISTS `prontuario`;

CREATE TABLE `prontuario` (
  `id_prontuario` int(11) NOT NULL AUTO_INCREMENT,
  `id_federado` int(11) DEFAULT NULL,
  `id_evento` int(11) DEFAULT NULL,
  `ordem` int(11) DEFAULT NULL,
  `id_movimento_faixa` int(11) DEFAULT NULL,
  `nota` varchar(45) DEFAULT NULL,
  PRIMARY KEY (`id_prontuario`),
  KEY `fk_prontuario_1` (`id_movimento_faixa`),
  KEY `fk_prontuario_2` (`ordem`),
  KEY `fk_prontuario_3` (`id_evento`),
  KEY `fk_prontuario_4` (`id_federado`),
  CONSTRAINT `fk_prontuario_1` FOREIGN KEY (`id_movimento_faixa`) REFERENCES `movimento_faixa` (`id_movimento_faixa`) ON DELETE NO ACTION ON UPDATE NO ACTION,
  CONSTRAINT `fk_prontuario_3` FOREIGN KEY (`id_evento`) REFERENCES `evento_graduacao` (`id_evento`) ON DELETE NO ACTION ON UPDATE NO ACTION,
  CONSTRAINT `fk_prontuario_4` FOREIGN KEY (`id_federado`) REFERENCES `federado` (`id_federado`) ON DELETE NO ACTION ON UPDATE NO ACTION
) ENGINE=InnoDB DEFAULT CHARSET=utf8;

/*Data for the table `prontuario` */

/*Table structure for table `status_avaliacao` */

DROP TABLE IF EXISTS `status_avaliacao`;

CREATE TABLE `status_avaliacao` (
  `id_status_avaliacao` int(11) NOT NULL AUTO_INCREMENT,
  `descricao` varchar(45) DEFAULT NULL,
  PRIMARY KEY (`id_status_avaliacao`)
) ENGINE=InnoDB AUTO_INCREMENT=5 DEFAULT CHARSET=utf8;

/*Data for the table `status_avaliacao` */

insert  into `status_avaliacao`(`id_status_avaliacao`,`descricao`) values (1,'Aprovado'),(2,'Reprovado'),(3,'Agendado'),(4,'Aguardando Agendamento');

/*Table structure for table `status_federado` */

DROP TABLE IF EXISTS `status_federado`;

CREATE TABLE `status_federado` (
  `id` int(1) NOT NULL,
  `status` varchar(10) CHARACTER SET latin1 COLLATE latin1_spanish_ci NOT NULL,
  PRIMARY KEY (`id`)
) ENGINE=InnoDB DEFAULT CHARSET=utf8;

/*Data for the table `status_federado` */

insert  into `status_federado`(`id`,`status`) values (1,'Ativo'),(2,'Inativo');

/*Table structure for table `status_pedido` */

DROP TABLE IF EXISTS `status_pedido`;

CREATE TABLE `status_pedido` (
  `id` int(1) NOT NULL AUTO_INCREMENT,
  `descricao` varchar(20) CHARACTER SET latin1 COLLATE latin1_spanish_ci NOT NULL,
  PRIMARY KEY (`id`)
) ENGINE=InnoDB DEFAULT CHARSET=utf8;

/*Data for the table `status_pedido` */

/*Table structure for table `tipo_certificado` */

DROP TABLE IF EXISTS `tipo_certificado`;

CREATE TABLE `tipo_certificado` (
  `id` int(5) NOT NULL AUTO_INCREMENT,
  `descricao` varchar(100) CHARACTER SET latin1 COLLATE latin1_spanish_ci NOT NULL,
  PRIMARY KEY (`id`)
) ENGINE=InnoDB DEFAULT CHARSET=utf8;

/*Data for the table `tipo_certificado` */

/*Table structure for table `tipo_endereco` */

DROP TABLE IF EXISTS `tipo_endereco`;

CREATE TABLE `tipo_endereco` (
  `id` int(3) NOT NULL AUTO_INCREMENT,
  `descricao` varchar(20) CHARACTER SET latin1 COLLATE latin1_spanish_ci NOT NULL,
  PRIMARY KEY (`id`)
) ENGINE=InnoDB AUTO_INCREMENT=4 DEFAULT CHARSET=utf8;

/*Data for the table `tipo_endereco` */

insert  into `tipo_endereco`(`id`,`descricao`) values (1,'Federado'),(2,'Filial'),(3,'Evento');

/*Table structure for table `tipo_federado` */

DROP TABLE IF EXISTS `tipo_federado`;

CREATE TABLE `tipo_federado` (
  `id` int(1) NOT NULL AUTO_INCREMENT,
  `tipo` varchar(15) CHARACTER SET latin1 COLLATE latin1_spanish_ci NOT NULL,
  PRIMARY KEY (`id`)
) ENGINE=InnoDB AUTO_INCREMENT=5 DEFAULT CHARSET=utf8;

/*Data for the table `tipo_federado` */

insert  into `tipo_federado`(`id`,`tipo`) values (1,'Aluno'),(2,'Instrutor'),(3,'Coordenador'),(4,'Administrador');

/* Trigger structure for table `matricula` */

DELIMITER $$

/*!50003 DROP TRIGGER*//*!50032 IF EXISTS */ /*!50003 `matricula_before_insert` */$$

/*!50003 CREATE */ /*!50017 DEFINER = 'root'@'localhost' */ /*!50003 TRIGGER `matricula_before_insert` BEFORE INSERT ON `matricula` FOR EACH ROW BEGIN
	IF new.data_matricula = '0000-00-00' THEN
		SET NEW.data_matricula = NOW();
	END IF;
END */$$


DELIMITER ;

/* Trigger structure for table `pedido` */

DELIMITER $$

/*!50003 DROP TRIGGER*//*!50032 IF EXISTS */ /*!50003 `pedido_before_insert` */$$

/*!50003 CREATE */ /*!50017 DEFINER = 'root'@'localhost' */ /*!50003 TRIGGER `pedido_before_insert` BEFORE INSERT ON `pedido` FOR EACH ROW BEGIN
	if NEW.data_pedido = '0000-00-00' THEN
		SET NEW.data_pedido = NOW();
	END IF;
END */$$


DELIMITER ;

/*!40101 SET SQL_MODE=@OLD_SQL_MODE */;
/*!40014 SET FOREIGN_KEY_CHECKS=@OLD_FOREIGN_KEY_CHECKS */;
/*!40014 SET UNIQUE_CHECKS=@OLD_UNIQUE_CHECKS */;
/*!40111 SET SQL_NOTES=@OLD_SQL_NOTES */;
